Category,Feature,Status,Comments,Reference
"Performance","Core operations versus v3","Implemented","Archived 2026-09-02 run: 269 matched p50 pairs, 10.70x geometric-mean speedup; slowest ratio 1.02x. Same-machine benchmark evidence, not a universal application speedup.","benchmark/published/results-2026-09-02T02-03-57-714Z.json"
"Performance","Rendering versus v3","Implemented","Archived 2026-09-02 run: 104 matched p50 pairs, 31.21x geometric mean. Includes different rendering operations, not a single FPS claim; wall time and GPU device time are distinct.","benchmark/published/results-render-2026-09-02T01-25-18-372Z.json"
"Performance","GPU algorithms versus v4 CPU","Partial","Archived 2026-09-02 run: 57 matched warm p50 pairs, 7.73x geometric mean, with individual GPU regressions. This baseline is v4 CPU, not v3; first-call cost is reported separately.","benchmark/published/results-alggpu-2026-09-02T01-47-37-618Z.json"
"Performance","GPU algorithm bottleneck removal","Implemented","Round 72 (2026-09-18): a sparse CSR SpMV behind pageRank and Katz (an explicit 'gpu' run 2–19× cheaper; 'auto' keeps both on the CPU, whose whole run is under one GPU readback), affinity propagation's availability update coalesced (−42%), unweighted closeness a BFS per source on both executors (18–47× on the CPU, the GPU from n=1024), and every 'auto' constant re-measured — the triangle family's gate is a mean degree of 64, the round-70 families have no crossover and lost their gates. GPU availability alone still does not imply a speedup: the sweep publishes which cells the CPU owns.","plan/rounds/2026-08-14-03-rnd0072-landed-the-algorithm-perf-follow-ups-gathered.md"
"Performance","CPU algorithms without blocking interaction","Implemented","Round 74: executor 'workers' runs the per-source-parallel families (both betweenness forms, unweighted closeness, heatKernel, RWR proximity) on a pool of plain workers off the main thread, and 'auto' takes the pool wherever the GPU does not run. Measured on the 8-core benchmark machine: 2.4–18× over the CPU reference across the 18-cell sweep, per-worker snapshot clone 0.2 ms, per-family crossovers stamped (128–512 nodes). Same-machine evidence, not a universal speedup.","src/algorithms/algo-workers.mts"
"Performance","First frame during progressive loading","Planned","Chunked ingestion targets time to first useful frame, separately from total load time and peak memory.","plan/rounds/2026-08-20-04-rnd0103-plan-progressive-ingest-a-first-frame-before-the-last-byte.md"
"Performance","Loading and snapshot copy budget","Implemented","Every copy priced (round 110): wire decode is zero-copy, the ingest column copy is 0.4% of init (adoption declined), per-frame and worker-batch uploads sit at the memcpy floor, export readback converts on the device. Zero-copy is not an end-to-end guarantee: the WebGPU upload and the mapped-range slice are the floor.","plan/rounds/2026-08-26-02-rnd0110-landed-zero-copy-the-copy-census-and-what-each-copy-buys.md"
"Performance","Worker-hosted rendering","Partial","OffscreenCanvas host exists; image forwarding, page fonts and GPU force/tween proxy work remain limitations. Measure main-thread responsiveness separately from draw throughput.","plan/rounds/2026-08-14-17-rnd0086-landed-the-worker-hosted-renderer-offscreencanvas.md"
"Performance","Application interaction latency budgets","Proposed","Measure p95 input-to-visible-update during load, selection, filtering, dragging and layout on pinned Cytoscape Web, EnrichmentMap and GeneMANIA fixtures; agree budgets from results.","docs/feature-direction.md"
"Performance","Chart-heavy and blob-heavy scene budgets","Proposed","Measure frame time, first paint and memory across slice count, chart kind, hull membership and overlap before increasing visual complexity; retain a plain-node control.","docs/feature-direction.md"
"Performance","Large-graph memory ceiling and graceful degradation","Undecided","Scale-ceiling bisection and VRAM budgets are open ideas; establish CPU/GPU memory ceilings and allocation-failure behaviour, rather than claiming million-node support.","PLAN.md"
"Performance","Long-session renderer stability","Undecided","Hours-long mutation, animation and lifecycle soak plus allocation accounting remains an open follow-up; existing device-loss recovery does not establish leak-free long sessions.","PLAN.md"
"Performance","Performance regression budgets by workload","Proposed","Define per-workload thresholds using stable same-machine runs, including cold start, memory and tail latency; a favourable overall mean must not hide an app-critical regression.","docs/feature-direction.md"
"Developer experience","Builtin layouts for major audited use cases","Implemented","Organic force, layered flow, radial/tree, circular/concentric, grid, preset and random are built in. Round 122 audited Cytoscape Web and EnrichmentMap; this is bounded coverage, not every graph-drawing problem.","plan/rounds/2026-09-09-02-rnd0122-landed-the-layout-portfolio-audit-the-use-cases-the-flagships-and-what-is-missing.md"
"Developer experience","Component packing without an external plugin","Implemented","Discrete layouts can pack components; pack preserves existing component drawings. Covers disconnected enrichment networks and removes the need for an app-owned packer.","plan/rounds/2026-09-09-03-rnd0123-landed-component-packing-on-the-discrete-layouts-the-pack-layout-and-breadthfirst-s-trees-as-blocks.md"
"Developer experience","One force layout for constraints and packing","Implemented","Force combines constraints, per-edge lengths and grouped/ordered packing; the audited EnrichmentMap workflow no longer needs several layout/packing stages. Migration is not v3 option compatibility.","plan/rounds/2026-09-09-01-rnd0121-landed-the-re-pack-takes-a-grouping-and-an-order-and-the-larger-components-turn.md"
"Developer experience","Layout quality audit & iteration","Partial","Round 125 carried the audit out: one sub-round per layout plus packing and the page, each with its fixtures, baselines, pictures and fixes on the record (label measurement before the first frame, forces tidy shapes under separation, flows per-side extents and free-singleton placement, breadthfirsts pixel sizing, the stacking shelf, presets half positions, randoms seed, condense on circle and radial). The first sitting pass signed off preset and random and shipped radial's true-root default; the rest is deferred to page sittings that wait on the page exposing each layout's options (125.11). Stays Partial until those sittings are recorded.","plan/rounds/2026-09-15-01-rnd0125-plan-the-layout-quality-audit-one-sub-round-per-layout-each-signed-off-by-the-maintainer.md"
"Developer experience","Choose a layout by task","Proposed","Provide a short task-to-layout guide and examples for similarity networks, hierarchies, score rings and saved positions, with cost and quality tradeoffs; avoid a new opaque auto-layout API initially.","docs/feature-direction.md"
"Developer experience","Measure consumer simplification","Proposed","Port representative app tasks and compare setup steps, dependencies, custom glue, error diagnosis and migration effort against v3; fewer API names alone do not prove easier development.","docs/feature-direction.md"
"Developer experience","Typed application data","Undecided","Element-data generics are an open idea: carry app field types through queries and mappers, while preserving a practical dynamic-data escape hatch.","PLAN.md"
"Developer experience","Migration automation","Undecided","A v3-to-v4 codemod is an open idea; automate safe rewrites and flag semantic changes rather than silently translating incompatible selectors or style functions.","PLAN.md"
"Developer experience","Framework lifecycle integration","Undecided","React-first bindings are an open idea; focus on mount/unmount, controlled updates and batching before proliferating framework wrappers.","PLAN.md"
"Developer experience","Id-stable incremental app updates","Planned","Reconcile fresh payloads by ID while preserving unchanged state; intended to reduce hand-written add/remove/update diffs.","plan/rounds/2026-08-20-08-rnd0107-plan-patch-id-keyed-reconcile-of-a-fresh-payload.md"
"Developer experience","Linked-view state contract","Proposed","Define how selection and viewport synchronization compose with planned viewer cloning; test independent view styles and prevent feedback loops without requiring shared mutable renderer state.","docs/feature-direction.md"
"Cytoscape Web v2","Pie, stripe and donut node summaries","Implemented","Existing chart family includes a hole for donut rendering and 16 slices; new chart work should not count donut as an absent capability.","src/style.mts"
"Cytoscape Web v2","Heat-strip node charts","Planned","Scoped compact per-value heat colours for multivariate data; distinct from percentage-based stripe charts.","plan/rounds/2026-08-14-11-rnd0080-plan-node-charts-heat-bars-and-the-slice-ceiling.md"
"Cytoscape Web v2","Radial-heat node charts","Planned","Scoped equal-angle sectors with value-driven colours; not a two-dimensional heat grid.","plan/rounds/2026-08-14-11-rnd0080-plan-node-charts-heat-bars-and-the-slice-ceiling.md"
"Cytoscape Web v2","Signed bar node charts","Planned","Scoped bars for signed values such as enrichment scores; current percentage slices skip negatives and cannot express this faithfully.","plan/rounds/2026-08-14-11-rnd0080-plan-node-charts-heat-bars-and-the-slice-ceiling.md"
"Cytoscape Web v2","Declarative chart colour scales","Planned","Scoped compiled per-value colour scale so consumers need not generate per-node colour arrays or function styles.","plan/rounds/2026-08-14-11-rnd0080-plan-node-charts-heat-bars-and-the-slice-ceiling.md"
"Cytoscape Web v2","More than 16 chart slices","Planned","Round 80 records a 26-slice desktop/web mismatch and proposes measuring a ceiling of 64; the increased limit is not implemented or a performance promise.","plan/rounds/2026-08-14-11-rnd0080-plan-node-charts-heat-bars-and-the-slice-ceiling.md"
"Cytoscape Web v2","Desktop/web portable visual-style subset","Proposed","Define a versioned subset for mappings, node/edge geometry, charts and labels with fixture-based visual checks and explicit unsupported-property diagnostics; avoid promising pixel parity for every desktop style.","docs/feature-direction.md"
"Cytoscape Web v2","CX2 translation in core","Excluded","Recorded boundary keeps CX2 import/export in an extension. Portable rendering semantics and adapter conformance can improve without embedding the entire exchange format in core.","plan/rounds/2026-08-20-02-rnd0102_0107-note-the-ecosystem-rounds.md"
"Cytoscape Web v2","Portable-style adapter conformance","Proposed","Use small desktop/web style fixtures to test adapter translation, degradation reports and export fidelity; keep provenance and unsupported semantics visible instead of silently dropping them.","docs/feature-direction.md"
"Cytoscape Web v2","Picked and exportable annotations","Planned","World-space annotations target reusable in-graph explanatory graphics, with picking and export integration; avoid separate app canvas overlays.","plan/rounds/2026-08-14-12-rnd0081-plan-the-annotations-layer.md"
"Cytoscape Web v2","Scalable attribute-table filtering","Planned","Column-view and filter affordances target coordinated table/network exploration; keep data transfer and selection costs measurable.","plan/rounds/2026-08-14-15-rnd0084-plan-attribute-table-and-filter-affordances.md"
"Application workflows","EnrichmentMap convex cluster regions","Planned","Native padded rounded convex hulls keyed by node data aim to replace bubble-region emulation. Round 82 v1 has no hull picking and is not an organic concave bubble-set renderer.","plan/rounds/2026-08-14-13-rnd0082-plan-cluster-hulls-and-collapse-aggregation-proxies.md"
"Application workflows","EnrichmentMap organic blob regions","Undecided","Round 82 records GPU SDF unions of member discs and intra-cluster capsules as a later candidate; measure overlap readability and membership cost. CPU concave bubble fields were rejected for performance.","plan/rounds/2026-08-14-13-rnd0082-plan-cluster-hulls-and-collapse-aggregation-proxies.md"
"Application workflows","Overlapping cluster membership","Proposed","Explore multiple memberships only if app fixtures require them; current planned scalar group keys partition nodes. Define selection, overlap and export semantics before adding geometry.","docs/feature-direction.md"
"Application workflows","Compound collapse with aggregate edges","Planned","Collapse compound parents using proxies and derived meta-edges with counts/requested sums; v1 collapse state is session-only. Data-key group collapse is a later helper, not the same delivered feature.","plan/rounds/2026-08-14-13-rnd0082-plan-cluster-hulls-and-collapse-aggregation-proxies.md"
"Application workflows","GeneMANIA large parallel-edge bundles","Planned","Fixture-led work targets many evidence channels between a pair of genes; existing parallel edges do not establish acceptable cost at GeneMANIA bundle widths.","plan/rounds/2026-08-20-06-rnd0105-plan-parallel-edges-at-genemania-width-and-a-genemania.md"
"Application workflows","Evidence-channel exploration","Proposed","Provide a GeneMANIA-style example combining channel filtering, selection and aggregate-edge summaries; validate identity/provenance preservation before considering more core API.","docs/feature-direction.md"
"Application workflows","Priority-aware label decluttering","Planned","Scoped collision and priority handling for dense networks; app-selected or important genes should remain understandable at scale.","plan/rounds/2026-08-20-05-rnd0104-plan-label-decluttering-priority-and-collision-at-scale.md"
"Application workflows","Transient neighbourhood emphasis","Planned","Scoped hover highlighting without stylesheet mutation can remove common app glue and repeated restyling costs.","plan/rounds/2026-08-20-03-rnd0102-plan-transient-emphasis-hover-highlight-without-touching-the.md"
"Application workflows","Biological fixture acceptance suite","Proposed","Version representative enrichment clusters, signed scores, multichannel gene edges and compound hierarchies; assess visual meaning, interaction and performance together, not just synthetic graph counts.","docs/feature-direction.md"
"Core capabilities","Semantic zoom","Proposed","Change the information shown with zoom: summaries at overview scale, individual nodes and edges at intermediate scales, and labels, charts and evidence details up close. Define declarative detail thresholds and measure transition cost and interaction latency.","docs/feature-direction.md"
"Core capabilities","Semantic zoom for compounds","Proposed","Sub-feature of semantic zoom: zoom in to reveal a compound's children, recursively for nested compounds; zoom out to return to parent summaries. Define edge aggregation, selection preservation and stable reveal/hide thresholds; coordinate with the planned collapse proxies.","docs/feature-direction.md"
"Core capabilities","Extension-to-core selection criteria","Proposed","Promote widely reusable graph/rendering primitives when shared implementation removes app glue and passes cost budgets. Keep domain formats and application UI in adapters/examples unless evidence justifies core scope.","docs/feature-direction.md"
"Core capabilities","Lasso and reusable spatial queries","Undecided","Open idea for irregular-region selection and app hit testing; establish coordinate, visibility and performance contracts before growing the gesture surface.","PLAN.md"
"Core capabilities","Undoable graph edits","Undecided","Snapshots versus inverse operations remain open; define batch transaction semantics and memory limits before promising a general undo stack.","PLAN.md"
"Core capabilities","Keyboard and assistive-technology navigation","Undecided","Keyboard focus, ARIA exposure and reduced-motion behaviour remain open ideas; preserve meaningful access when the graph has too many nodes for one DOM item per element.","PLAN.md"
"Core capabilities","International labels","Undecided","CJK coverage, then shaping/bidi and emoji, require explicit font and dependency choices; present label rendering does not establish complete language coverage.","PLAN.md"
"Core capabilities","Portable saved-session contract","Proposed","Build a versioned app-level round-trip fixture for graph, styles, positions and documented transient omissions on top of existing binary APIs; do not conflate serialization support with cross-version session compatibility.","docs/feature-direction.md"
"Algorithms","GPU algorithm performance follow-ups","Implemented","Round 72 (2026-09-18): sparse SpMV for pageRank/Katz, the coalesced affinity-propagation availability update, the unweighted closeness BFS on both executors, and laplacian: 'normalized' for the heat family all landed with their measurements; device-side bench rows were declined with the reason on the record.","plan/rounds/2026-08-14-03-rnd0072-landed-the-algorithm-perf-follow-ups-gathered.md"
"Algorithms","Worker-pool CPU executor","Implemented","Round 74: executor 'workers' — a pool of plain workers (Node worker_threads, browser Workers; at most eight, one less than the cores) runs the per-source-parallel families as contiguous source ranges over a cloned snapshot, results transferred back; the worker entry ships as source text inside every bundle. Bit-stable across runs and pool sizes; bit-identical to 'cpu' for closeness, heat and RWR, f64-tight for betweenness. 'auto' takes the pool where the GPU does not run, and first for the sparse closeness BFS. Families without a lane reject an explicit 'workers'.","src/algorithms/algo-workers.mts"
"Animation","Animation queue","Replaced","Sequence using animation promises; there is no queue.","MIGRATING.md"
"Animation","Channel animation and transitions","Implemented","Disjoint channels compose, conflicts replace; promise sequencing, pause/resume/reverse and style transitions.","src/README.md"
"API","ani.apply","Excluded","Applying without playback and scrubbing were excluded from the v4 animation handle. Use play(), pause(), resume() and reverse().","MIGRATING.md"
"API","ani.applying","Excluded","Applying without playback and scrubbing were excluded from the v4 animation handle. Use play(), pause(), resume() and reverse().","MIGRATING.md"
"API","ani.complete","Replaced","Use ani.promise() to observe completion. The v3 spelling is not public in v4.","MIGRATING.md"
"API","ani.completed","Replaced","Use ani.promise() to observe completion. The v3 spelling is not public in v4.","MIGRATING.md"
"API","ani.pause","Implemented","Round 24.3: freeze in place; the paused span leaves the timeline.","src/animation.mts:278"
"API","ani.paused","Implemented","Whether the animation is paused (round 24.3).","src/animation.mts:312"
"API","ani.play","Implemented","Enqueue and start.","src/animation.mts:248"
"API","ani.playing","Implemented","Whether the animation is running and not paused.","src/animation.mts:271"
"API","ani.progress","Partial","Read elapsed fraction; the v3 setter/scrubbing form is excluded.","src/animation.mts:305"
"API","ani.promise","Implemented","The completion promise.","src/animation.mts:264"
"API","ani.resume","Implemented","Resume a paused animation with the clock shifted (round 24.3).","src/animation.mts:287"
"API","ani.reverse","Implemented","Swap the tween's ends with elapsed remapped (round 24.3).","src/animation.mts:296"
"API","ani.run","Replaced","Use ani.play(). The v3 spelling is not public in v4.","MIGRATING.md"
"API","ani.running","Replaced","Use ani.playing(). The v3 spelling is not public in v4.","MIGRATING.md"
"API","ani.stop","Implemented","Stop in place, or at the targets with jumpToEnd.","src/animation.mts:257"
"API","ctx.boundingBox","Implemented","The scope's current bounding box, labels included.","src/layout/contract.mts:291"
"API","ctx.components","Implemented","The scope's connected components over nodeSlots() (round 114.4, factored out of packComponents for layouts that pack their own arrays): union-find over the scope's own edges — an edge with an endpoint outside the scope connects nothing here — indexed by position in nodeSlots().","src/layout/contract.mts:339"
"API","ctx.cy","Implemented","the core being laid out","src/layout/contract.mts:56"
"API","ctx.degreeOf","Implemented","O(1) degree off the CSR adjacency.","src/layout/contract.mts:251"
"API","ctx.edgeSlots","Implemented","The scope's edge slots.","src/layout/contract.mts:205"
"API","ctx.eles","Implemented","The layout scope (handles tier); the whole graph unless this run came from eles.layout().","src/layout/contract.mts:78"
"API","ctx.endpoints","Implemented","The live edge endpoint column (source,target node slots).","src/layout/contract.mts:241"
"API","ctx.finish","Implemented","Land computed positions the way a built-in does (round 114.2): the finisher when the run asks for anything it owns — animate, animateFilter, transform, spacingFactor — and otherwise the bulk slot write followed by fit / zoom / pan. One rule for flow, force and any extension that computes into an array.","src/layout/contract.mts:495"
"API","ctx.height","Implemented","The viewport height in CSS px.","src/layout/contract.mts:311"
"API","ctx.layoutPositions","Implemented","The discrete finisher: v3's layoutPositions plumbing over the scope — spacingFactor, transform, animate (with the fit-at-final-positions viewport animation), fit/zoom/pan, and the layoutready/layoutstop events. The wrapper's layoutstart covers the start (no double emit).","src/layout/contract.mts:463"
"API","ctx.nodeDimensions","Implemented","The layout boxes of the scope's nodes (round 114.1): slot-parallel node-local extents read off the size, border and label columns — the one reading every built-in spaces by. Labels are included when the run's nodeDimensionsIncludeLabels is true (115: v3's default again), making the box asymmetric when a label hangs below the body; take max( -y1, y2 ) for a symmetric half. Headless label dimensions are estimates (16.4), exact once a renderer has laid the glyphs.","src/layout/contract.mts:272"
"API","ctx.nodes","Implemented","The scope's node handles (lazy — see eles).","src/layout/contract.mts:90"
"API","ctx.nodeSlots","Implemented","The slots to lay out: the scope's nodes, pre-filtered to unlocked leaves (locked nodes hold their place; parents derive from their placed children — round 14.11). Scope order.","src/layout/contract.mts:144"
"API","ctx.options","Implemented","the resolved layout options (custom knobs included)","src/layout/contract.mts:58"
"API","ctx.packComponents","Implemented","Separate the scope's disconnected components (round 87.1): v3's separateComponents as a one-call, translation-only post-pass. Per-component bounding boxes at the current positions are shelf-packed largest-first with spacing between them, every member translated with its component, and the largest component's centre held fixed — the dominant structure keeps its place and the strays come to it.","src/layout/contract.mts:395"
"API","ctx.positions","Implemented","The live position column (x,y interleaved by slot) — read it, write through setPositions.","src/layout/contract.mts:231"
"API","ctx.refreshScope","Implemented","Drop the cached scope so the next eles / nodes read the graph as it now is (118.3): a whole-graph scope is materialized once per run, and a force layout's infinite run rebuilds its sim on an add or remove. A subset scope (eles.layout()) is the caller's collection and stays what it was.","src/layout/contract.mts:101"
"API","ctx.setPositions","Implemented","The bulk write: xy[i2], xy[i2+1] land on slots[i] — one dirty span, no handles (the round-5 slot path; under compounds it takes the per-slot sequential path so auto-bounds stay exact).","src/layout/contract.mts:326"
"API","ctx.width","Implemented","The viewport width in CSS px — what a layout sizing itself to the screen should use. Headless instances report the configured headless width, so a layout still works without a DOM.","src/layout/contract.mts:302"
"API","cy.$","Implemented","Alias of cy.filter. Filter the whole graph. Identical to elements( query ), kept for symmetry with eles.filter().","src/core.mts:1182"
"API","cy.$id","Implemented","Alias of cy.getElementById. Look up one element by id through the O(1) id index.","src/core.mts:1110"
"API","cy.add","Implemented","Add elements to the graph and return them as a collection.","src/core.mts:786"
"API","cy.addListener","Implemented","Alias of cy.on. Listen for events on the core.","src/core.mts:1418"
"API","cy.animate","Implemented","Animate the viewport (pan/zoom) over duration ms. Element animation is on the collection (eles.animate). Tweens are CPU-canonical; a data write / manual pan mid-animation is not prevented but will be overwritten by the next tick.","src/core.mts:1714"
"API","cy.animated","Implemented","True while the viewport is animating.","src/core.mts:1808"
"API","cy.animation","Implemented","Like animate, but returns a handle with play/stop/promise — the viewport counterpart of eles.animation.","src/core.mts:1743"
"API","cy.attr","Implemented","Alias of cy.data. Graph-level data — read all, read one key, or write. This is a plain object, not a columnar sidecar (which is ele.data()). It is carried by the wire format since round 39.2: serialize() writes it and options.elements applies it, while cy.add( buffer ) deliberately ignores it. Writing emits data.","src/core.mts:2188"
"API","cy.autolock","Implemented","Get or set whether every node is locked (immovable) regardless of its own locked flag — the graph-wide override.","src/core.mts:2292"
"API","cy.autolockNodes","Implemented","Alias of cy.autolock. Get or set whether every node is locked (immovable) regardless of its own locked flag — the graph-wide override.","src/core.mts:2292"
"API","cy.autoungrabify","Implemented","Get or set whether every node is ungrabbable regardless of its own grabbable flag. Unlike autolock(), this blocks only user dragging; programmatic position writes still apply.","src/core.mts:2310"
"API","cy.autoungrabifyNodes","Implemented","Alias of cy.autoungrabify. Get or set whether every node is ungrabbable regardless of its own grabbable flag. Unlike autolock(), this blocks only user dragging; programmatic position writes still apply.","src/core.mts:2310"
"API","cy.autounselectify","Implemented","Get or set whether every element is unselectable regardless of its own selectable flag. Programmatic select() still applies.","src/core.mts:2327"
"API","cy.batch","Implemented","Run fn inside a startBatch()/endBatch() pair. The batch closes even if fn throws, so this is the form to prefer.","src/core.mts:665"
"API","cy.batchData","Replaced","Use cy.batch() around element data() writes.","MIGRATING.md"
"API","cy.bind","Replaced","Use cy.on(); legacy listener aliases were removed.","MIGRATING.md"
"API","cy.boxSelectionEnabled","Implemented","Get or set whether the box-selection gesture is available.","src/core.mts:2470"
"API","cy.boxSelectionIncludesLabels","Implemented","Whether box selection considers label boxes as well as node bodies (round 16.5; v3's box-select-labels, reshaped as a core option — default off). Its sense follows boxSelectionMode: under 'contain' the label box must also be inside the band, under 'overlap' a label that merely crosses the band is enough.","src/core.mts:2418"
"API","cy.boxSelectionMode","Implemented","What the box-selection gesture counts as caught: 'contain' (default, v3's) selects only elements wholly inside the band; 'overlap' selects anything the band touches — a node whose box intersects it, an edge any part of whose drawn path crosses it. Round 39.1.","src/core.mts:2448"
"API","cy.byId","Implemented","Alias of cy.getElementById. Look up one element by id through the O(1) id index.","src/core.mts:1110"
"API","cy.center","Implemented","Pan so the given elements are centred, leaving the zoom alone. Bounds include labels, as in fit().","src/core.mts:1685"
"API","cy.centre","Implemented","Alias of cy.center. Pan so the given elements are centred, leaving the zoom alone. Bounds include labels, as in fit().","src/core.mts:1685"
"API","cy.clearQueue","Excluded","The animation queue was removed. Disjoint channels run concurrently; use promises to sequence animations.","MIGRATING.md"
"API","cy.collection","Partial","Returns an empty collection. The v3 collection(elements) constructor form is excluded; use queries or union() to build a collection.","src/core.mts:1090"
"API","cy.compact","Implemented","Slot-moving compaction, explicit form (round 19.5): move live elements down to a dense slot prefix so highWater, column capacity and pass-iteration widths shrink to the current graph instead of its peak. A monotone remap keeps draw order — compaction is a visual no-op — and held refs/handles/listeners repair through forwarding (19.3). The automatic dead-slot-ratio trigger covers the common shrink/churn profiles; this call is for deterministic timing (e.g. right after a bulk filter, before an animation). Throws mid-batch; defers with a warning while a GPU force layout runs.","src/core.mts:441"
"API","cy.container","Implemented","The DOM element this instance renders into, or null when headless or unmounted.","src/core.mts:3059"
"API","cy.createLayout","Implemented","Alias of cy.layout. Make a layout over the whole graph. The layout does not run until you call .run() on it.","src/core.mts:701"
"API","cy.data","Implemented","Graph-level data — read all, read one key, or write. This is a plain object, not a columnar sidecar (which is ele.data()). It is carried by the wire format since round 39.2: serialize() writes it and options.elements applies it, while cy.add( buffer ) deliberately ignores it. Writing emits data.","src/core.mts:2188"
"API","cy.delay","Replaced","Use an application timer and promise sequencing; viewport animation handles have no delay helper.","MIGRATING.md"
"API","cy.delayAnimation","Replaced","Use an application timer and promise sequencing; viewport animation handles have no delay helper.","MIGRATING.md"
"API","cy.desktopTapThreshold","Implemented","Css px a mouse/pen press may move and still count as a tap (v3 parity; default 4).","src/core.mts:2607"
"API","cy.destroy","Implemented","Tear the instance down: emit destroy, drop every listener, and release the pointer handler and the renderer (with its GPU resources). Idempotent. The store is left intact but the instance must not be used afterwards.","src/core.mts:3096"
"API","cy.destroyed","Implemented","Whether destroy() has run.","src/core.mts:3122"
"API","cy.edges","Implemented","The graph's edges, optionally filtered. Same query forms as elements(), restricted to the edge group — and, with no query, the same memo (34.2).","src/core.mts:1169"
"API","cy.elements","Implemented","All elements, optionally filtered — nodes (in insertion order) then edges.","src/core.mts:1141"
"API","cy.elementsInBox","Implemented","Live, visible elements contained in the model-coordinate box (corners in any order): the box-selection query, answered by one columnar scan. Nodes count when their bounding box lies fully inside; edges when both endpoint node centers do (v3's default 'contain' semantics, with straight-edge endpoints taken at the node centers).","src/core.mts:1298"
"API","cy.emit","Implemented","Emit an event on the core.","src/core.mts:1570"
"API","cy.endBatch","Implemented","Close a batch. At the outermost close the deferred work flushes as one bulk pass — filtered to elements still live, so adding and removing within the same batch costs nothing — and the automatic slot-compaction trigger gets its boundary check. A sheet change during the batch subsumes the per-element work: one applyAll() covers every live element.","src/core.mts:600"
"API","cy.extent","Implemented","The model-space rectangle currently visible, as { x1, y1, x2, y2, w, h } — the inverse of the pan/zoom transform applied to the viewport box.","src/core.mts:1843"
"API","cy.filter","Implemented","Filter the whole graph. Identical to elements( query ), kept for symmetry with eles.filter().","src/core.mts:1182"
"API","cy.fit","Implemented","Pan and zoom so the given elements fill the viewport.","src/core.mts:1665"
"API","cy.forceRender","Excluded","Removed in the public API review; rendering follows dirty state.","MIGRATING.md"
"API","cy.gc","Implemented","Alias of cy.compact. Slot-moving compaction, explicit form (round 19.5): move live elements down to a dense slot prefix so highWater, column capacity and pass-iteration widths shrink to the current graph instead of its peak. A monotone remap keeps draw order — compaction is a visual no-op — and held refs/handles/listeners repair through forwarding (19.3). The automatic dead-slot-ratio trigger covers the common shrink/churn profiles; this call is for deterministic timing (e.g. right after a bulk filter, before an animation). Throws mid-batch; defers with a warning while a GPU force layout runs.","src/core.mts:441"
"API","cy.getElementById","Implemented","Look up one element by id through the O(1) id index.","src/core.mts:1110"
"API","cy.hasCompoundNodes","Implemented","Whether any node currently has a parent. Worth checking because the compound tier changes paint evaluation and draw order; the renderer pays nothing for compounds while this is false.","src/core.mts:2733"
"API","cy.hasElementWithId","Implemented","Whether an element with this id exists, via the O(1) id index — cheaper than getElementById( id ).nonempty() because no handle is materialized.","src/core.mts:2747"
"API","cy.headless","Implemented","Whether this instance has no container and therefore no GPU — the Node-testable mode, in which every model API works and the render, pick and image-export paths are no-ops or reject.","src/core.mts:2707"
"API","cy.height","Implemented","The rendered height in CSS px. Headless instances report the configured headlessHeight (default 600).","src/core.mts:3082"
"API","cy.invalidateDimensions","Replaced","Use cy.resize(). The v3 spelling is not public in v4.","MIGRATING.md"
"API","cy.invalidateSize","Implemented","Alias of cy.resize. Re-measure the container and redraw (no-op when headless).","src/core.mts:2078"
"API","cy.isReady","Implemented","Whether the render pipeline is usable yet. Always true on a headless instance; on a rendered one this flips when cy.ready resolves.","src/core.mts:2694"
"API","cy.jpeg","Implemented","Alias of cy.jpg. Export as JPEG: as png, plus quality (0..1) and a white default bg (JPEG has no alpha channel).","src/core.mts:2112"
"API","cy.jpg","Implemented","Export as JPEG: as png, plus quality (0..1) and a white default bg (JPEG has no alpha channel).","src/core.mts:2112"
"API","cy.json","Partial","Export the current graph and stylesheet, including bypasses. The v3 import/setter form is excluded; use constructor elements or cy.add() for loading.","src/core.mts:2905"
"API","cy.layout","Implemented","Make a layout over the whole graph. The layout does not run until you call .run() on it.","src/core.mts:701"
"API","cy.listen","Replaced","Use cy.on(); legacy listener aliases were removed.","MIGRATING.md"
"API","cy.makeLayout","Implemented","Alias of cy.layout. Make a layout over the whole graph. The layout does not run until you call .run() on it.","src/core.mts:701"
"API","cy.maxZoom","Implemented","Get the maximum zoom, or set it. Setting re-clamps the current zoom.","src/core.mts:1888"
"API","cy.minZoom","Implemented","Get the minimum zoom, or set it. Setting re-clamps the current zoom.","src/core.mts:1870"
"API","cy.mount","Implemented","(Re)attach a renderer to a container. Re-mounting to a different container unmounts first; the fresh renderer re-uploads every column from the CPU-canonical model and rebuilds all glyph runs.","src/core.mts:2971"
"API","cy.multiClickDebounceTime","Implemented","The dbltap/onetap debounce window in ms (v3 parity; default 250).","src/core.mts:2549"
"API","cy.mutableElements","Replaced","Use cy.elements().","MIGRATING.md"
"API","cy.nodes","Implemented","The graph's nodes, optionally filtered. Same query forms as elements(), restricted to the node group — and, with no query, the same memo (34.2).","src/core.mts:1155"
"API","cy.noNotifications","Excluded","Notification suppression is absent; use cy.batch() for batched model changes.","MIGRATING.md"
"API","cy.notify","Excluded","Rendering is driven by dirty state; explicit renderer notifications are not public.","MIGRATING.md"
"API","cy.off","Implemented","Stop listening. Removing a delegated handler takes the same ( events, predicate, handler ) triple it was added with — predicates compare by function identity, so the predicate must be the same function object, not an equivalent one.","src/core.mts:1507"
"API","cy.offRender","Replaced","Use cy.off('render', handler).","MIGRATING.md"
"API","cy.on","Implemented","Listen for events on the core.","src/core.mts:1418"
"API","cy.once","Implemented","Alias of cy.one. Like on(), but the handler runs at most once and then removes itself.","src/core.mts:1460"
"API","cy.one","Implemented","Like on(), but the handler runs at most once and then removes itself.","src/core.mts:1460"
"API","cy.onRender","Replaced","Use cy.on('render', handler).","MIGRATING.md"
"API","cy.options","Implemented","The options the instance was constructed with.","src/core.mts:2777"
"API","cy.pan","Implemented","Get the pan offset, or set it. Setting is a no-op while panningEnabled() is false.","src/core.mts:1628"
"API","cy.panBy","Implemented","Shift the pan by a delta. A no-op while panningEnabled() is false.","src/core.mts:1646"
"API","cy.panningEnabled","Implemented","Get or set whether panning is allowed at all — programmatic pan() included. Use userPanningEnabled() to block only the gesture.","src/core.mts:2347"
"API","cy.pick","Implemented","Async GPU pick at a rendered (CSS px) position; resolves with the element under the point or null (always null when headless).","src/core.mts:2013"
"API","cy.pickNode","Planned","Scoped synchronous public node pick; not currently exposed.","plan/rounds/2026-08-14-06-rnd0075-plan-the-dx-polish-bundle.md"
"API","cy.png","Implemented","Export the rendered graph as a PNG. Async — the pixels live on the GPU (offscreen render + readback), unlike v3's synchronous base64 form; every output form resolves through the returned promise. Options as in v3: bg, full, scale or maxWidth/maxHeight, output ('base64uri' default | 'base64' | 'blob'; 'blob-promise' is an accepted alias of 'blob'). Headless instances reject — there is no renderer to export from.","src/core.mts:2101"
"API","cy.pointerCursors","Implemented","Get or set whether the canvas writes CSS cursors for the gesture affordances (round 89): grab over a draggable node and grabbing while it or the background is being dragged, pointer over any other interactive element, crosshair while box-selecting.","src/core.mts:2501"
"API","cy.pon","Implemented","Alias of cy.promiseOn. Resolve once the next matching event fires — the promise form of one().","src/core.mts:1586"
"API","cy.promiseOn","Implemented","Resolve once the next matching event fires — the promise form of one().","src/core.mts:1586"
"API","cy.ready","Partial","Promise for renderer readiness, rather than the v3 callback method. Rejects if adapter acquisition fails.","src/core.mts:169"
"API","cy.remove","Implemented","Remove elements from the graph. Removing a node removes its connected edges, and removing a compound parent removes its descendants. Equivalent to eles.remove().","src/core.mts:1068"
"API","cy.removeAllListeners","Implemented","Remove every listener on the core, including element-bound and delegated ones.","src/core.mts:1549"
"API","cy.removeAttr","Implemented","Alias of cy.removeData. Delete graph-level data keys. Emits data when anything was removed.","src/core.mts:2201"
"API","cy.removeData","Implemented","Delete graph-level data keys. Emits data when anything was removed.","src/core.mts:2201"
"API","cy.removeListener","Implemented","Alias of cy.off. Stop listening. Removing a delegated handler takes the same ( events, predicate, handler ) triple it was added with — predicates compare by function identity, so the predicate must be the same function object, not an equivalent one.","src/core.mts:1507"
"API","cy.removeScratch","Implemented","Delete graph-level scratch keys.","src/core.mts:2230"
"API","cy.renderedExtent","Implemented","The rendered (on-screen) viewport rectangle.","src/core.mts:1855"
"API","cy.renderer","Excluded","Internal implementation hook, excluded from the supported public API. Use cy.stats() for the public frame-statistics snapshot.","MIGRATING.md"
"API","cy.renderTo","Excluded","Drawing into an external canvas is not supported by the WebGPU renderer.","MIGRATING.md"
"API","cy.reset","Implemented","Reset the viewport to zoom 1, pan (0, 0).","src/core.mts:1953"
"API","cy.resize","Implemented","Re-measure the container and redraw (no-op when headless).","src/core.mts:2078"
"API","cy.scratch","Implemented","Graph-level scratchpad — like data(), but for transient state that is never exported and never emits. Namespace your keys (an extension convention: '_myExtension').","src/core.mts:2218"
"API","cy.selectionType","Implemented","How user selection composes: 'single' (a tap or box replaces the selection) or 'additive' (taps toggle and boxes add, as if a multiple-select key were always held).","src/core.mts:2525"
"API","cy.serialize","Implemented","Export the live graph as the binary wire format (the buffer options.elements/add() accept directly): the columnar counterpart of json(). Carries ids, positions, selection state, the data() sidecar and — since round 39.2 — graph-level data(); style, viewport and scratch are not part of the wire.","src/core.mts:2798"
"API","cy.size","Implemented","Rendered dimensions as { width, height }.","src/core.mts:1860"
"API","cy.startBatch","Implemented","Open a batch: defer style application until the matching endBatch(). Pairs nest — only the outermost endBatch() flushes. Prefer batch( fn ), which cannot leak a depth on an exception.","src/core.mts:573"
"API","cy.stats","Implemented","The renderer's frame statistics, or null when headless. The snapshot carries the frame timings, cache hit rates and pass counters — note that cpuFrameMs is encode/submit cost only (submission is fire-and-forget), so reconcile fps against gpuFrameMs.","src/core.mts:2073"
"API","cy.stop","Implemented","Stop every running viewport animation (round 21: no queue — the v3 clearQueue argument is gone).","src/core.mts:1820"
"API","cy.style","Partial","Get or replace the grouped declarative stylesheet. Selector blocks, CSS strings and functions are excluded; replacing the sheet also replaces bypasses.","src/core.mts:390"
"API","cy.styleEnabled","Implemented","Always true: v4 has no style-disabled mode, since the columnar model derives geometry from stored style channels rather than treating style as an optional layer. Kept so v3 code that checks it works.","src/core.mts:2720"
"API","cy.svg","Planned","Promise-based vector export is scoped in round 77; no current public method.","plan/rounds/2026-08-14-08-rnd0077-plan-svg-vector-export.md"
"API","cy.tapholdDuration","Implemented","Unmoved-press duration before 'taphold' fires, ms (default 500 — v3's constant, configurable in v4).","src/core.mts:2655"
"API","cy.touchTapThreshold","Implemented","Css px a touch press may move and still count as a tap (v3 parity; default 8).","src/core.mts:2631"
"API","cy.trigger","Implemented","Alias of cy.emit. Emit an event on the core.","src/core.mts:1570"
"API","cy.unbind","Replaced","Use cy.off(); legacy listener aliases were removed.","MIGRATING.md"
"API","cy.unlisten","Replaced","Use cy.off(); legacy listener aliases were removed.","MIGRATING.md"
"API","cy.unmount","Implemented","Detach the renderer: the instance becomes headless (the model is CPU-canonical, so nothing is lost). No-op when already headless.","src/core.mts:2943"
"API","cy.userPanningEnabled","Implemented","Get or set whether the user may pan by dragging. Programmatic pan() is unaffected.","src/core.mts:2364"
"API","cy.userZoomingEnabled","Implemented","Get or set whether the user may zoom by wheel or pinch. Programmatic zoom() is unaffected.","src/core.mts:2398"
"API","cy.viewport","Implemented","Set zoom and/or pan together, emitting once.","src/core.mts:1935"
"API","cy.wheelSensitivity","Implemented","Wheel-zoom sensitivity: a multiplier on the zoom-per-wheel-tick exponent (v3 parity; default 1). Non-default values warn once per instance, as v3 does — a custom sensitivity tuned on one mouse/OS zooms unnaturally on others.","src/core.mts:2576"
"API","cy.width","Implemented","The rendered width in CSS px. Headless instances report the configured headlessWidth (default 800), so viewport maths works without a DOM.","src/core.mts:3070"
"API","cy.window","Implemented","The window this instance renders into, or null when there is no DOM (Node). v3 parity, for extensions that need the hosting realm.","src/core.mts:2764"
"API","cy.zoom","Implemented","Get the zoom level, or set it. Setting is a no-op while zoomingEnabled() is false, and the level is clamped to zoomRange().","src/core.mts:1609"
"API","cy.zoomingEnabled","Implemented","Get or set whether zooming is allowed at all — programmatic zoom() included. Use userZoomingEnabled() to block only the gesture.","src/core.mts:2381"
"API","cy.zoomRange","Implemented","Set both zoom bounds; accepts (min, max) or { min, max }.","src/core.mts:1909"
"API","cytoscape","Implemented","Create an instance from definitions or columnar data. Rendering requires WebGPU; omit container for headless use. Unknown constructor options are ignored at runtime and checked by TypeScript.","src/index.mts:60"
"API","cytoscape.CancelledError","Implemented","The rejection a cancelled run carries (round 128): an async algorithm whose handle's cancel() was called, a layout's promise() after layout.cancel(), or either when cy.destroy() ran while the run was in flight. A factory static so a .catch can test instanceof; error.name is 'CancelledError' for a check without the class.","src/algorithms/cancel.mts"
"API","cytoscape.deserializeElements","Implemented","Deserialize a serializeElements buffer (or a view over one) back into the columnar elements form. Numeric columns are zero-copy views into the given buffer; a misaligned view is copied once to realign.","src/wire.mts:277"
"API","cytoscape.serializeElements","Implemented","Serialize elements (definition form or columnar form) into one transferable/fetchable ArrayBuffer. deserializeElements (or passing the buffer straight to options.elements/cy.add()) reverses it.","src/wire.mts:123"
"API","cytoscape.stylesheet","Replaced","Supply a grouped declarative stylesheet to cy.style() or the constructor. The chainable stylesheet builder was removed.","MIGRATING.md"
"API","cytoscape.toColumnarElements","Partial","Converts definitions to a self-contained columnar payload. Per-element locked, grabbable and pannable overrides are not carried by this conversion.","src/columnar.mts:91"
"API","cytoscape.use","Replaced","Pass a layout implementation directly through the registry-free layout contract. The v3 extension registry is absent.","MIGRATING.md"
"API","cytoscape.warnings","Excluded","No warning toggle: invalid input throws and recoverable conditions warn on the console.","MIGRATING.md"
"API","eles.$id","Replaced","Use eles.getElementById(). The v3 spelling is not public in v4.","MIGRATING.md"
"API","eles.abscomp","Implemented","Alias of eles.absoluteComplement. All elements of the graph not in this collection.","src/collection.mts:1423"
"API","eles.absoluteComplement","Implemented","All elements of the graph not in this collection.","src/collection.mts:1423"
"API","eles.active","Implemented","Whether the first element is in the transient pressed (""active"") state.","src/collection.mts:3797"
"API","eles.add","Implemented","Alias of eles.union. The union of the two collections, deduped.","src/collection.mts:1191"
"API","eles.addClass","Replaced","Classes were removed. Store category/state in element data and use query objects and conditional style mappers.","MIGRATING.md"
"API","eles.addListener","Implemented","Alias of eles.on. Listen for events on each element of this collection. The handler is bound per element, and keeps firing across slot compaction — listeners repair with their elements rather than going stale.","src/collection.mts:6295"
"API","eles.affinityPropagation","Implemented","Affinity propagation, which picks exemplars by message passing and so needs no target cluster count.","src/collection.mts:6071"
"API","eles.allAre","Implemented","Whether every element matches the criterion.","src/collection.mts:1156"
"API","eles.allAreNeighbors","Implemented","Whether every element of other is in this collection's neighborhood.","src/collection.mts:1139"
"API","eles.allAreNeighbours","Implemented","Alias of eles.allAreNeighbors. Whether every element of other is in this collection's neighborhood.","src/collection.mts:1139"
"API","eles.ancestors","Implemented","Alias of eles.parents. All ancestors, level by level: every nearest parent first, then the grandparents, and so on (v3's iterated-parent() order).","src/collection.mts:4469"
"API","eles.and","Implemented","Alias of eles.intersection. The elements present in both collections.","src/collection.mts:1229"
"API","eles.animate","Implemented","Animate these elements' style and/or position to explicit targets over duration ms, easing the normalized time.","src/collection.mts:1673"
"API","eles.animated","Implemented","True when any of these elements has a running animation.","src/collection.mts:1747"
"API","eles.animation","Implemented","Build an animation for these elements without starting it.","src/collection.mts:1701"
"API","eles.anySame","Implemented","Whether the two collections share at least one element.","src/collection.mts:1082"
"API","eles.ap","Implemented","Alias of eles.affinityPropagation. Affinity propagation, which picks exemplars by message passing and so needs no target cluster count.","src/collection.mts:6071"
"API","eles.aStar","Implemented","A shortest path between two nodes.","src/collection.mts:5573"
"API","eles.attr","Implemented","Alias of eles.data. data() over the sidecar columns. id (and source/target on edges) are first-class and immutable — reading them works, writing them throws. Setters apply to every element in the collection and emit data per element; a write refreshes data-mapped labels. The whole-object read returns a built snapshot, not the store's internals — and the same snapshot until a data write (or a reparent/re-point) invalidates it, so mutating it never corrupts the store but is visible to the mutator until the next write (v3 hands out its live internal object here, where mutation corrupts the actual store — v4's exposure is strictly narrower).","src/collection.mts:2275"
"API","eles.bb","Replaced","Use eles.boundingBox(). The v3 spelling is not public in v4.","MIGRATING.md"
"API","eles.bc","Implemented","Alias of eles.betweennessCentrality. Betweenness centrality — how often each node lies on shortest paths between other pairs. Async (round 65): returns a promise, and executor ('cpu' | 'gpu' | 'workers' | 'auto', default 'auto') picks where the Brandes sweep runs. Weighted runs have no GPU path: 'auto' takes the worker pool (round 74; f64-tight to 'cpu', bit-stable across pool sizes) from 128 nodes and an explicit 'gpu' rejects; unweighted runs keep the GPU first, then the pool from 256.","src/collection.mts:5752"
"API","eles.bellmanFord","Implemented","Bellman–Ford shortest paths, which unlike Dijkstra tolerates negative weights and reports negative cycles.","src/collection.mts:5584"
"API","eles.betweennessCentrality","Implemented","Betweenness centrality — how often each node lies on shortest paths between other pairs. Async (round 65): returns a promise, and executor ('cpu' | 'gpu' | 'workers' | 'auto', default 'auto') picks where the Brandes sweep runs. Weighted runs have no GPU path: 'auto' takes the worker pool (round 74; f64-tight to 'cpu', bit-stable across pool sizes) from 128 nodes and an explicit 'gpu' rejects; unweighted runs keep the GPU first, then the pool from 256.","src/collection.mts:5752"
"API","eles.bfs","Implemented","Alias of eles.breadthFirstSearch. Breadth-first search from one or more roots over this collection's subgraph, walking slot-native over the CSR adjacency.","src/collection.mts:5537"
"API","eles.bind","Replaced","Use eles.on(); legacy listener aliases were removed.","MIGRATING.md"
"API","eles.boundingbox","Replaced","Use eles.boundingBox(). The v3 spelling is not public in v4.","MIGRATING.md"
"API","eles.boundingBox","Implemented","The model-space box enclosing every element of the collection.","src/collection.mts:2926"
"API","eles.breadthFirstSearch","Implemented","Breadth-first search from one or more roots over this collection's subgraph, walking slot-native over the CSR adjacency.","src/collection.mts:5537"
"API","eles.cc","Implemented","Alias of eles.closenessCentrality. Closeness centrality of one node — the reciprocal of its summed shortest-path distances to the rest of the collection.","src/collection.mts:5711"
"API","eles.ccn","Implemented","Alias of eles.closenessCentralityNormalized. Closeness centrality for every node, normalized to [0, 1]. Async (round 69): the whole-collection form is the all-pairs tier, so like floydWarshall it returns a promise and executor ('cpu' | 'gpu' | 'auto', default 'auto'; 'workers' rejects — no workers path) picks where it runs; 'cpu' is the reproducible reference. Unweighted runs walk a BFS per source, O(n·(n+E)) (round 72.3), on the worker pool too under executor 'workers' (round 74, bit-identical to 'cpu'; under 'auto' a sparse graph takes the pool first from 512 nodes — it measured ahead of the GPU at every size — and a dense one the GPU first); weighted runs relax Floyd–Warshall and have no workers path. The single-root closenessCentrality stays synchronous.","src/collection.mts:5730"
"API","eles.children","Implemented","Direct children of every node, in link order per parent.","src/collection.mts:4512"
"API","eles.classes","Replaced","Classes were removed. Store category/state in element data and use query objects and conditional style mappers.","MIGRATING.md"
"API","eles.className","Replaced","Classes were removed. Store category/state in element data and use query objects and conditional style mappers.","MIGRATING.md"
"API","eles.classNames","Replaced","Classes were removed. Store category/state in element data and use query objects and conditional style mappers.","MIGRATING.md"
"API","eles.clearQueue","Excluded","The animation queue was removed. Disjoint channels run concurrently; use promises to sequence animations.","MIGRATING.md"
"API","eles.clone","Excluded","Removed elements cannot be restored or cloned through this API. Export definitions before removal and add definitions explicitly when needed.","MIGRATING.md"
"API","eles.closedNeighborhood","Implemented","The open neighbourhood plus this collection's own nodes.","src/collection.mts:4422"
"API","eles.closenessCentrality","Implemented","Closeness centrality of one node — the reciprocal of its summed shortest-path distances to the rest of the collection.","src/collection.mts:5711"
"API","eles.closenessCentralityNormalised","Implemented","Alias of eles.closenessCentralityNormalized. Closeness centrality for every node, normalized to [0, 1]. Async (round 69): the whole-collection form is the all-pairs tier, so like floydWarshall it returns a promise and executor ('cpu' | 'gpu' | 'auto', default 'auto'; 'workers' rejects — no workers path) picks where it runs; 'cpu' is the reproducible reference. Unweighted runs walk a BFS per source, O(n·(n+E)) (round 72.3), on the worker pool too under executor 'workers' (round 74, bit-identical to 'cpu'; under 'auto' a sparse graph takes the pool first from 512 nodes — it measured ahead of the GPU at every size — and a dense one the GPU first); weighted runs relax Floyd–Warshall and have no workers path. The single-root closenessCentrality stays synchronous.","src/collection.mts:5730"
"API","eles.closenessCentralityNormalized","Implemented","Closeness centrality for every node, normalized to [0, 1]. Async (round 69): the whole-collection form is the all-pairs tier, so like floydWarshall it returns a promise and executor ('cpu' | 'gpu' | 'auto', default 'auto'; 'workers' rejects — no workers path) picks where it runs; 'cpu' is the reproducible reference. Unweighted runs walk a BFS per source, O(n·(n+E)) (round 72.3), on the worker pool too under executor 'workers' (round 74, bit-identical to 'cpu'; under 'auto' a sparse graph takes the pool first from 512 nodes — it measured ahead of the GPU at every size — and a dense one the GPU first); weighted runs relax Floyd–Warshall and have no workers path. The single-root closenessCentrality stays synchronous.","src/collection.mts:5730"
"API","eles.codirectedEdges","Implemented","The parallel edges pointing the same way — same source and same target — including each edge itself.","src/collection.mts:4984"
"API","eles.collection","Implemented","An empty collection in the same core.","src/collection.mts:537"
"API","eles.commonAncestors","Implemented","Ancestors common to every element, closest first (an edge in the collection has no ancestors, so it empties the result — v3).","src/collection.mts:4649"
"API","eles.complement","Implemented","Alias of eles.absoluteComplement. All elements of the graph not in this collection.","src/collection.mts:1423"
"API","eles.component","Implemented","The whole-graph connected component containing the first element.","src/collection.mts:5132"
"API","eles.components","Implemented","Connected components within this collection (undirected), each as a collection of the reached nodes plus the collection's edges internal to that component.","src/collection.mts:5035"
"API","eles.componentsOf","Implemented","Alias of eles.components. Connected components within this collection (undirected), each as a collection of the reached nodes plus the collection's edges internal to that component.","src/collection.mts:5035"
"API","eles.connectedEdges","Implemented","Every edge incident on the nodes in this collection, deduped — answered off the CSR adjacency index, so it is O(incident edges) rather than a scan. Loops appear once.","src/collection.mts:4209"
"API","eles.connectedNodes","Implemented","The endpoint nodes of every edge in this collection, deduped.","src/collection.mts:4248"
"API","eles.contains","Implemented","Whether every element of other is also in this collection.","src/collection.mts:1107"
"API","eles.controlPoints","Implemented","The edge's curve control points (model coords): one for a bundled bezier, two for a self-loop, the control list for an unbundled bezier, undefined otherwise — v3's getControlPoints surface (segments/taxi answer segmentPoints() instead).","src/collection.mts:3415"
"API","eles.copy","Excluded","Removed elements cannot be restored or cloned through this API. Export definitions before removal and add definitions explicitly when needed.","MIGRATING.md"
"API","eles.createLayout","Implemented","Alias of eles.layout. A layout scoped to this collection.","src/collection.mts:5518"
"API","eles.css","Implemented","Alias of eles.style. Read resolved properties or set constant id-keyed bypasses. Bypasses export with the stylesheet and are replaced on a full sheet swap; mappers belong in the sheet.","src/collection.mts:2557"
"API","eles.cy","Implemented","The core this collection belongs to.","src/collection.mts:498"
"API","eles.data","Implemented","data() over the sidecar columns. id (and source/target on edges) are first-class and immutable — reading them works, writing them throws. Setters apply to every element in the collection and emit data per element; a write refreshes data-mapped labels. The whole-object read returns a built snapshot, not the store's internals — and the same snapshot until a data write (or a reparent/re-point) invalidates it, so mutating it never corrupts the store but is visible to the mutator until the next write (v3 hands out its live internal object here, where mutation corrupts the actual store — v4's exposure is strictly narrower).","src/collection.mts:2275"
"API","eles.dc","Implemented","Alias of eles.degreeCentrality. Degree centrality of one node relative to the collection.","src/collection.mts:5682"
"API","eles.dcn","Implemented","Alias of eles.degreeCentralityNormalized. Degree centrality for every node, normalized to [0, 1].","src/collection.mts:5695"
"API","eles.degree","Implemented","The first element's total degree, in + out, answered in O(1) off the adjacency index.","src/collection.mts:6096"
"API","eles.degreeCentrality","Implemented","Degree centrality of one node relative to the collection.","src/collection.mts:5682"
"API","eles.degreeCentralityNormalised","Implemented","Alias of eles.degreeCentralityNormalized. Degree centrality for every node, normalized to [0, 1].","src/collection.mts:5695"
"API","eles.degreeCentralityNormalized","Implemented","Degree centrality for every node, normalized to [0, 1].","src/collection.mts:5695"
"API","eles.delay","Implemented","A no-op tween — a timed pause that touches no channels, so it composes with any running animation (round 21: use delayAnimation().play() + await to sequence).","src/collection.mts:1726"
"API","eles.delayAnimation","Implemented","Like delay, but returns the handle instead of chaining.","src/collection.mts:1737"
"API","eles.depthFirstSearch","Implemented","Depth-first search from one or more roots. Same options as breadthFirstSearch.","src/collection.mts:5548"
"API","eles.descendants","Implemented","The subtree below every node in pre-order, excluding the nodes themselves.","src/collection.mts:4544"
"API","eles.deselect","Implemented","Alias of eles.unselect. Deselect every element, emitting unselect for each one that changed.","src/collection.mts:3612"
"API","eles.dfs","Implemented","Alias of eles.depthFirstSearch. Depth-first search from one or more roots. Same options as breadthFirstSearch.","src/collection.mts:5548"
"API","eles.diff","Implemented","Three-way set difference against another collection.","src/collection.mts:1436"
"API","eles.difference","Implemented","This collection's elements that are not in other.","src/collection.mts:1208"
"API","eles.dijkstra","Implemented","Dijkstra shortest paths from a root over non-negative weights.","src/collection.mts:5562"
"API","eles.each","Implemented","Alias of eles.forEach. Call fn for each element. Returning false from the callback stops the iteration early, as in v3.","src/collection.mts:691"
"API","eles.edges","Implemented","The edges in this collection, optionally filtered.","src/collection.mts:1384"
"API","eles.edgesTo","Implemented","The edges running from this collection's nodes to others — edgesWith() restricted by direction.","src/collection.mts:4923"
"API","eles.edgesWith","Implemented","The edges connecting this collection's nodes with others, in either direction.","src/collection.mts:4910"
"API","eles.effectiveOpacity","Implemented","The rendered opacity: a node's own opacity times its ancestors' (v3's product rule — the store keeps the folded value in the column, round 14.4); an edge's own opacity (edges have no parent).","src/collection.mts:2724"
"API","eles.effectiveResistance","Implemented","Effective resistance and commute time — the graph as a resistor network (weights are conductances): resistance(a, b) from the Laplacian pseudo-inverse, commuteTime(a, b) the expected round-trip steps of the random walk (component volume × resistance). Pairs in different components answer Infinity. Async (round 70): executor ('cpu' | 'gpu' | 'auto', default 'auto'; 'workers' rejects — no workers path) picks between dense f64 elimination on the CPU and Newton–Schulz matmul iteration on the GPU; both are O(n³), so 'auto' takes the GPU on size alone. v4-only — v3 has no counterpart.","src/collection.mts:5941"
"API","eles.emit","Implemented","Emit an event on each element, bubbling through compound ancestors to the core.","src/collection.mts:6349"
"API","eles.empty","Implemented","Whether the collection holds no elements.","src/collection.mts:645"
"API","eles.eq","Implemented","The element at an index, as a length-1 collection.","src/collection.mts:792"
"API","eles.equal","Implemented","Alias of eles.same. Whether both collections hold exactly the same elements, ignoring order.","src/collection.mts:1054"
"API","eles.equals","Implemented","Alias of eles.same. Whether both collections hold exactly the same elements, ignoring order.","src/collection.mts:1054"
"API","eles.every","Implemented","Whether every element satisfies the predicate. Short-circuits, and is vacuously true for an empty collection.","src/collection.mts:874"
"API","eles.fcm","Implemented","Alias of eles.fuzzyCMeans. Fuzzy c-means clustering: each element gets a degree of membership in every cluster rather than one hard assignment. Async, with the same executor contract as kMeans.","src/collection.mts:6011"
"API","eles.filter","Implemented","The subset matching the criterion.","src/collection.mts:1281"
"API","eles.first","Implemented","The first element, as a length-1 collection.","src/collection.mts:801"
"API","eles.flashClass","Replaced","Classes were removed. Store category/state in element data and use query objects and conditional style mappers.","MIGRATING.md"
"API","eles.floydWarshall","Implemented","Floyd–Warshall all-pairs shortest paths. O(n³) — for a single source prefer dijkstra/bellmanFord. Async (round 65): the expensive whole-graph tier returns promises, and executor ('cpu' | 'gpu' | 'auto', default 'auto'; 'workers' rejects — no workers path) picks where the maths runs; 'cpu' is the reproducible reference.","src/collection.mts:5600"
"API","eles.forEach","Implemented","Call fn for each element. Returning false from the callback stops the iteration early, as in v3.","src/collection.mts:691"
"API","eles.fuzzyCMeans","Implemented","Fuzzy c-means clustering: each element gets a degree of membership in every cluster rather than one hard assignment. Async, with the same executor contract as kMeans.","src/collection.mts:6011"
"API","eles.getElementById","Implemented","Find a member by id. This is a linear scan of the collection; use cy.$id( id ) for the O(1) whole-graph index.","src/collection.mts:1399"
"API","eles.grabbable","Implemented","Pannable elements are not draggable, so pannable overrides grabbable (as in v3).","src/collection.mts:3647"
"API","eles.grabbed","Implemented","Whether the first element is currently held by a drag gesture.","src/collection.mts:3656"
"API","eles.grabify","Implemented","Make these elements grabbable.","src/collection.mts:3665"
"API","eles.group","Implemented","The first element's group. Cached on the handle, so it stays readable after removal.","src/collection.mts:907"
"API","eles.has","Implemented","Alias of eles.contains. Whether every element of other is also in this collection.","src/collection.mts:1107"
"API","eles.hasClass","Replaced","Classes were removed. Store category/state in element data and use query objects and conditional style mappers.","MIGRATING.md"
"API","eles.hasElementWithId","Implemented","Whether this collection contains an element with the given id.","src/collection.mts:558"
"API","eles.hca","Implemented","Alias of eles.hierarchicalClustering. Agglomerative hierarchical clustering. Async (round 65): returns a promise, and executor ('cpu' | 'gpu' | 'auto', default 'auto'; 'workers' rejects — no workers path) picks where the distance matrix is built; the merge chain itself is sequential and always runs on the CPU.","src/collection.mts:6029"
"API","eles.heatDiffusion","Implemented","Heat diffusion from a seeds collection: unit heat spread over the seeds flows along edges for time, through the kernel exp(−t·L) of the weighted Laplacian. Total heat is conserved under the default laplacian: 'combinatorial'; 'normalized' (round 72.4) diffuses over I − D^-½AD^-½ at the price of conservation. Async (round 70); the vector form is O(E) per series term on the CPU, so there is no GPU path — an explicit executor: 'gpu' rejects and points at heatKernel. Edges are read undirected with positive weights. v4-only — v3 has no counterpart.","src/collection.mts:5902"
"API","eles.heatKernel","Implemented","The all-pairs heat kernel exp(−t·L) — heat(from, to) is the heat at to after unit heat starts at from (symmetric). Async (round 70): executor ('cpu' | 'gpu' | 'workers' | 'auto', default 'auto') picks between per-column sparse series on the CPU, the same columns over the worker pool (round 74, bit-identical to 'cpu') and the dense scaling-and-squaring chain on the GPU — under 'auto' the GPU from 256 nodes at any density (round 72.6), else the pool from 256. laplacian ('combinatorial' | 'normalized', round 72.4) picks L = D − A or I − D^-½AD^-½. All-pairs (O(n²) memory). v4-only — v3 has no counterpart.","src/collection.mts:5920"
"API","eles.height","Implemented","The first element's height — a node's model-space height, or an edge's stroke width (as in v3, where an edge's height is its width).","src/collection.mts:2226"
"API","eles.hidden","Implemented","The complement of visible().","src/collection.mts:3707"
"API","eles.hide","Implemented","Hide these elements structurally — v3's display: none. They stop drawing and picking, leave the bounding box and their ancestors' auto-bounds, and their bezier bundles re-fan without them. Descendants of a hidden node are gated too.","src/collection.mts:3738"
"API","eles.hierarchicalClustering","Implemented","Agglomerative hierarchical clustering. Async (round 65): returns a promise, and executor ('cpu' | 'gpu' | 'auto', default 'auto'; 'workers' rejects — no workers path) picks where the distance matrix is built; the merge chain itself is sequential and always runs on the CPU.","src/collection.mts:6029"
"API","eles.hierholzer","Implemented","Hierholzer's Eulerian path/circuit.","src/collection.mts:5647"
"API","eles.hopcroftTarjanBiconnected","Implemented","Hopcroft–Tarjan biconnected components and articulation points.","src/collection.mts:5633"
"API","eles.hopcroftTarjanBiconnectedComponents","Implemented","Alias of eles.hopcroftTarjanBiconnected. Hopcroft–Tarjan biconnected components and articulation points.","src/collection.mts:5633"
"API","eles.htb","Implemented","Alias of eles.hopcroftTarjanBiconnected. Hopcroft–Tarjan biconnected components and articulation points.","src/collection.mts:5633"
"API","eles.htbc","Implemented","Alias of eles.hopcroftTarjanBiconnected. Hopcroft–Tarjan biconnected components and articulation points.","src/collection.mts:5633"
"API","eles.id","Implemented","The first element's id. Cached on the handle, so it stays readable after the element is removed.","src/collection.mts:897"
"API","eles.incomers","Implemented","The immediate incoming neighbourhood: the edges arriving at these nodes plus the nodes they come from. One hop only — use predecessors() for the transitive closure.","src/collection.mts:4303"
"API","eles.indegree","Implemented","The first element's in-degree, in O(1). Singular, like degree().","src/collection.mts:6123"
"API","eles.indexOf","Implemented","Index of an element within this collection.","src/collection.mts:570"
"API","eles.indexOfId","Implemented","Position of the element with this id within the collection.","src/collection.mts:600"
"API","eles.inside","Implemented","Whether the first element is still in the graph — the complement of removed().","src/collection.mts:1039"
"API","eles.interactive","Implemented","Whether the element can be interacted with: visible and not pointer-transparent (events: 'no' — round 20.2).","src/collection.mts:2779"
"API","eles.intersect","Implemented","Alias of eles.intersection. The elements present in both collections.","src/collection.mts:1229"
"API","eles.intersection","Implemented","The elements present in both collections.","src/collection.mts:1229"
"API","eles.is","Implemented","Whether any element matches the criterion.","src/collection.mts:1173"
"API","eles.isChild","Implemented","Whether the first element is a node with a parent.","src/collection.mts:4723"
"API","eles.isChildless","Implemented","Whether the first element is a node with no children.","src/collection.mts:4710"
"API","eles.isEdge","Implemented","Whether the first element is an edge.","src/collection.mts:981"
"API","eles.isLoop","Implemented","Whether the first element is a self-loop — an edge whose source and target are the same node.","src/collection.mts:991"
"API","eles.isNode","Implemented","Whether the first element is a node.","src/collection.mts:972"
"API","eles.isOrphan","Implemented","Whether the first element is a node without a parent.","src/collection.mts:4737"
"API","eles.isParent","Implemented","Whether the first element is a node with at least one child.","src/collection.mts:4694"
"API","eles.isSimple","Implemented","Whether the first element is a non-loop edge.","src/collection.mts:1000"
"API","eles.json","Partial","Export the first element. The v3 setter/import form is excluded.","src/collection.mts:919"
"API","eles.jsons","Implemented","Plain-object form of every element.","src/collection.mts:957"
"API","eles.kargerStein","Implemented","Karger–Stein randomized minimum cut. Randomized, so repeated runs may differ.","src/collection.mts:5657"
"API","eles.katzCentrality","Implemented","Katz centrality — attenuated walk counting, where a node is central when many short walks end at it and a walk of length k is worth alphaᵏ. Async (round 69): returns a promise, and executor ('cpu' | 'gpu' | 'auto', default 'auto'; 'workers' rejects — no workers path) picks where the iteration runs; like pageRank, 'auto' always uses the sparse CPU iteration and the GPU path serves an explicit 'gpu'. v4-only — v3 has no counterpart.","src/collection.mts:5775"
"API","eles.kMeans","Implemented","k-means clustering in attribute space. Like v3's clustering algorithms this works on handles and attributes accessors rather than on graph structure.","src/collection.mts:5983"
"API","eles.kMedoids","Implemented","k-medoids clustering — like k-means, but cluster centres are actual elements, which makes it robust to outliers. Async, with the same executor contract as kMeans.","src/collection.mts:5997"
"API","eles.kruskal","Implemented","Kruskal's minimum spanning tree/forest.","src/collection.mts:5610"
"API","eles.label","Implemented","The node's resolved label text ('' when none); read-only in the prototype.","src/collection.mts:2790"
"API","eles.labelBoundingBox","Implemented","The exact laid label boxes of this collection's elements, unioned (round 16.4 — the v4 form of v3's text-metrics surface): node labels at their anchors, edge mid-labels at the drawn midpoint, end labels conservatively about their endpoint. Empty (zero) when nothing is labelled. Headless dims are estimates (recorded).","src/collection.mts:3096"
"API","eles.last","Implemented","The last element, as a length-1 collection.","src/collection.mts:810"
"API","eles.layout","Implemented","A layout scoped to this collection.","src/collection.mts:5518"
"API","eles.layoutDimensions","Implemented","Node dimensions for layout spacing, as v3's layoutDimensions — the body, plus the label box under nodeDimensionsIncludeLabels: true (114.1 made labels the default; 115 restored v3's body-only default).","src/collection.mts:5298"
"API","eles.layoutPositions","Implemented","Apply a layout's position function to this collection's nodes with the standard layout options (spacingFactor, transform, fit/zoom/pan, animate) and the layoutstart/layoutready/layoutstop event flow — v3's helper. With animate: true the viewport animates concurrently (a fit targets the bounding box at the final positions, as v3 does).","src/collection.mts:5333"
"API","eles.leaves","Implemented","Collection nodes with no non-loop outgoing edge.","src/collection.mts:4774"
"API","eles.length","Implemented","How many elements this collection holds.","src/collection.mts:235"
"API","eles.listen","Replaced","Use eles.on(); legacy listener aliases were removed.","MIGRATING.md"
"API","eles.lock","Implemented","Lock these elements against movement.","src/collection.mts:3776"
"API","eles.locked","Implemented","Whether the first element is locked — immovable, by layouts, position writes and position tweens alike (one rule since round 114.3: every layout holds a locked node where it is and keeps it in the layout's structure; force treats it as an obstacle its settle separates the others from). A locked child stays where it is when its compound parent is positioned, shifted or dragged — its own subtree with it — and the parent re-derives about the stayers and the movers (116.3, v3's rule). True for every node while cy.autolock( true ) is set, as in v3; the flag column alone is what { locked: true } filters read.","src/collection.mts:3767"
"API","eles.makeLayout","Implemented","Alias of eles.layout. A layout scoped to this collection.","src/collection.mts:5518"
"API","eles.map","Implemented","Map each element through fn into a plain array.","src/collection.mts:821"
"API","eles.markovClustering","Implemented","Markov clustering (MCL) — flow simulation over the graph, so unlike the attribute-space algorithms this one clusters by structure.","src/collection.mts:6051"
"API","eles.max","Implemented","The element maximizing valFn, with its value.","src/collection.mts:1489"
"API","eles.maxDegree","Implemented","The largest total degree among the collection's nodes.","src/collection.mts:6147"
"API","eles.maxIndegree","Implemented","The largest in-degree among the collection's nodes.","src/collection.mts:6167"
"API","eles.maxOutdegree","Implemented","The largest out-degree among the collection's nodes.","src/collection.mts:6189"
"API","eles.mcl","Implemented","Alias of eles.markovClustering. Markov clustering (MCL) — flow simulation over the graph, so unlike the attribute-space algorithms this one clusters by structure.","src/collection.mts:6051"
"API","eles.merge","Implemented","Alias of eles.union. The union of the two collections, deduped.","src/collection.mts:1191"
"API","eles.midpoint","Implemented","Midpoint of the edge: the curve/route midpoint for curved edges (v3's rs.mid rules per family), the endpoint-center average for straight ones.","src/collection.mts:3269"
"API","eles.min","Implemented","The element minimizing valFn, with its value.","src/collection.mts:1504"
"API","eles.minDegree","Implemented","The smallest total degree among the collection's nodes.","src/collection.mts:6137"
"API","eles.minIndegree","Implemented","The smallest in-degree among the collection's nodes.","src/collection.mts:6157"
"API","eles.minOutdegree","Implemented","The smallest out-degree among the collection's nodes.","src/collection.mts:6178"
"API","eles.modelPosition","Implemented","Alias of eles.position. Get or set the first element's model-space position (nodes only).","src/collection.mts:1552"
"API","eles.modelPositions","Implemented","Alias of eles.positions. Set every node's position, from a constant or per-element function.","src/collection.mts:1622"
"API","eles.motifCensus","Implemented","The triad census — every three-node subgraph classified into the sixteen Holland–Leinhardt classes ('003' … '300'; '030T' is the feed-forward loop). The counts sum to C(n, 3). Async (round 70): executor ('cpu' | 'gpu' | 'auto', default 'auto'; 'workers' rejects — no workers path) picks between sparse wedge walks on the CPU and matmul trace products on the GPU — under 'auto' the GPU only on dense graphs (a mean degree of 64, round 72.6). directed: false reads every edge as mutual, so only 003 / 102 / 201 / 300 (empty / one-edge / path / triangle) can be non-zero. v4-only — v3 has no counterpart.","src/collection.mts:5963"
"API","eles.move","Implemented","Move elements in place, keeping slot, id and data: { parent } re-parents nodes (null orphans them; the compound move, round 14.2 — emits moveout before and move after per changed node), while { source, target } re-points edges. As in v3 the modes are exclusive — a parent key takes precedence. An unknown parent id is a silent no-op (v3); a cyclic assignment warns and drops (the hierarchy rule).","src/collection.mts:4028"
"API","eles.neighborhood","Implemented","The open neighbourhood: the incident edges and the nodes on their far ends, ignoring edge direction, excluding the collection's own elements.","src/collection.mts:4359"
"API","eles.neighborhoodSimilarity","Implemented","Neighborhood similarity — pairwise Jaccard, cosine or overlap coefficients over neighbor sets (deduped; loops excluded; directed: true compares out-neighborhoods). The result is all-pairs, so it holds O(n²) counts like floydWarshall. Async (round 69): returns a promise, and executor ('cpu' | 'gpu' | 'auto', default 'auto'; 'workers' rejects — no workers path) picks where the shared-neighbor counts are computed — under 'auto' the GPU's A·Aᵀ matmul is used only on graphs dense enough to beat the CPU's wedge walk. v4-only — v3 has no counterpart.","src/collection.mts:5817"
"API","eles.nodes","Implemented","The nodes in this collection, optionally filtered.","src/collection.mts:1370"
"API","eles.nonempty","Implemented","Whether the collection holds at least one element.","src/collection.mts:654"
"API","eles.nonorphans","Implemented","The collection's nodes that have a parent.","src/collection.mts:4614"
"API","eles.not","Implemented","Alias of eles.difference. This collection's elements that are not in other.","src/collection.mts:1208"
"API","eles.numericStyle","Implemented","The numeric value of a numeric style prop.","src/collection.mts:2702"
"API","eles.numericStyleUnits","Replaced","Use eles.style() for the resolved value; geometry accessors return model pixels. The v3 spelling is not public in v4.","MIGRATING.md"
"API","eles.off","Implemented","Stop listening on each element of this collection.","src/collection.mts:6330"
"API","eles.on","Implemented","Listen for events on each element of this collection. The handler is bound per element, and keeps firing across slot compaction — listeners repair with their elements rather than going stale.","src/collection.mts:6295"
"API","eles.once","Implemented","Alias of eles.one. Like on(), but each element's handler runs at most once.","src/collection.mts:6312"
"API","eles.one","Implemented","Like on(), but each element's handler runs at most once.","src/collection.mts:6312"
"API","eles.openNeighborhood","Implemented","Alias of eles.neighborhood. The open neighbourhood: the incident edges and the nodes on their far ends, ignoring edge direction, excluding the collection's own elements.","src/collection.mts:4359"
"API","eles.or","Implemented","Alias of eles.union. The union of the two collections, deduped.","src/collection.mts:1191"
"API","eles.orphans","Implemented","The collection's nodes without a parent.","src/collection.mts:4604"
"API","eles.outdegree","Implemented","The first element's out-degree, in O(1). Singular, like degree().","src/collection.mts:6109"
"API","eles.outerHeight","Implemented","The full drawn height including the border.","src/collection.mts:2894"
"API","eles.outerWidth","Implemented","The full drawn width including the border — padded width plus the border width. This is the box bounds and endpoint clipping use.","src/collection.mts:2883"
"API","eles.outgoers","Implemented","The immediate outgoing neighbourhood: the edges leaving these nodes plus the nodes they point at. One hop only — use successors() for the transitive closure.","src/collection.mts:4290"
"API","eles.paddedHeight","Implemented","The drawn box height: content height plus twice the padding (v3's paddedHeight). Identical to height() for leaves, which have no padding.","src/collection.mts:2850"
"API","eles.paddedWidth","Implemented","The drawn box: core dims + 2 x padding (v3's paddedWidth).","src/collection.mts:2837"
"API","eles.padding","Implemented","v3-parity accessor: node padding. Leaves have no padding in v4 (no compound-free padding prop); parents answer the resolved auto-bounds padding (round 14.3).","src/collection.mts:2811"
"API","eles.pageRank","Implemented","PageRank over the (directed) subgraph. Async (round 65): returns a promise, and executor ('cpu' | 'gpu' | 'auto', default 'auto'; 'workers' rejects — no workers path) picks where the power method runs; 'cpu' is the reproducible reference.","src/collection.mts:5672"
"API","eles.panify","Implemented","Make dragging these elements pan the viewport instead of moving them. Pannable overrides grabbable, as in v3.","src/collection.mts:3855"
"API","eles.pannable","Implemented","Whether dragging the first element pans the graph instead of grabbing it.","src/collection.mts:3845"
"API","eles.parallelEdges","Implemented","The edges sharing endpoints with these edges, in either direction — including each edge itself. These are the edges a bezier bundle fans apart.","src/collection.mts:4972"
"API","eles.parent","Implemented","Immediate parents of every node in the collection (unique). v4 always returns a proper collection — v3's single-element raw-ref shortcut (which also ignored the selector argument) is not ported.","src/collection.mts:4437"
"API","eles.parents","Implemented","All ancestors, level by level: every nearest parent first, then the grandparents, and so on (v3's iterated-parent() order).","src/collection.mts:4469"
"API","eles.point","Implemented","Alias of eles.position. Get or set the first element's model-space position (nodes only).","src/collection.mts:1552"
"API","eles.points","Implemented","Alias of eles.positions. Set every node's position, from a constant or per-element function.","src/collection.mts:1622"
"API","eles.pon","Implemented","Alias of eles.promiseOn. Resolve once the next matching event fires on any element of this collection — the promise form of one().","src/collection.mts:6371"
"API","eles.position","Implemented","Get or set the first element's model-space position (nodes only).","src/collection.mts:1552"
"API","eles.positions","Implemented","Set every node's position, from a constant or per-element function.","src/collection.mts:1622"
"API","eles.predecessors","Implemented","Everything that reaches these nodes by following incoming edges, transitively.","src/collection.mts:4839"
"API","eles.promiseOn","Implemented","Resolve once the next matching event fires on any element of this collection — the promise form of one().","src/collection.mts:6371"
"API","eles.randomWalkWithRestart","Implemented","Random walk with restart — network propagation from a seeds collection: a walker follows edges with probability 1−c and restarts at the seeds with probability c, and the stationary distribution scores every node by proximity to the seeds. Async (round 70); the vector iteration is O(E) per step on the CPU, so there is no GPU path — an explicit executor: 'gpu' rejects and points at randomWalkWithRestartProximity. On directed graphs a node with no out-edges absorbs the walk (scores can sum below 1). v4-only — v3 has no counterpart.","src/collection.mts:5861"
"API","eles.randomWalkWithRestartProximity","Implemented","All-pairs random-walk-with-restart proximity — the full matrix S = c·(I − (1−c)·W)⁻¹, whose column s is the walk restarting at s. Async (round 70): executor ('cpu' | 'gpu' | 'workers' | 'auto', default 'auto') picks between one sparse solve per column on the CPU, the same solves over the worker pool (round 74, bit-identical to 'cpu') and the dense Neumann iteration on the GPU — under 'auto' the GPU from 256 nodes at any density (round 72.6 measured it ahead everywhere), else the pool from 128. All-pairs (O(n²) memory). v4-only — v3 has no counterpart.","src/collection.mts:5882"
"API","eles.reduce","Implemented","Fold the collection into a single value.","src/collection.mts:1468"
"API","eles.relativeComplement","Implemented","Alias of eles.difference. This collection's elements that are not in other.","src/collection.mts:1208"
"API","eles.relativePoint","Implemented","Alias of eles.relativePosition. Compound-relative position: the model position minus the immediate parent's (derived) position — the model position for orphans and compound-free graphs (round 14.3, v3 semantics).","src/collection.mts:2068"
"API","eles.relativePosition","Implemented","Compound-relative position: the model position minus the immediate parent's (derived) position — the model position for orphans and compound-free graphs (round 14.3, v3 semantics).","src/collection.mts:2068"
"API","eles.remove","Implemented","Remove these elements from the graph; incident edges of removed nodes cascade. Already-removed elements are skipped (no second remove event).","src/collection.mts:3932"
"API","eles.removeAllListeners","Replaced","Use eles.off(events) to remove listeners for the named events; the v3 removeAllListeners alias is not exposed on collections.","MIGRATING.md"
"API","eles.removeAttr","Implemented","Alias of eles.removeData. Remove sidecar data keys.","src/collection.mts:2448"
"API","eles.removeClass","Replaced","Classes were removed. Store category/state in element data and use query objects and conditional style mappers.","MIGRATING.md"
"API","eles.removeCss","Implemented","Alias of eles.removeStyle. Remove per-element style bypasses from every element (round 63.4 — v3's removeStyle). The sheet-resolved values return through the normal apply, transitions included.","src/collection.mts:2639"
"API","eles.removed","Implemented","Whether the first element has been removed from the graph. A removed element's handle stays usable — reads are no-ops or undefined, and the cached id()/group() remain readable.","src/collection.mts:1024"
"API","eles.removeData","Implemented","Remove sidecar data keys.","src/collection.mts:2448"
"API","eles.removeListener","Implemented","Alias of eles.off. Stop listening on each element of this collection.","src/collection.mts:6330"
"API","eles.removeScratch","Implemented","Delete scratchpad keys from every element.","src/collection.mts:2529"
"API","eles.removeStyle","Implemented","Remove per-element style bypasses from every element (round 63.4 — v3's removeStyle). The sheet-resolved values return through the normal apply, transitions included.","src/collection.mts:2639"
"API","eles.renderedBoundingbox","Implemented","Alias of eles.renderedBoundingBox. boundingBox() transformed into rendered (on-screen) coordinates.","src/collection.mts:3196"
"API","eles.renderedBoundingBox","Implemented","boundingBox() transformed into rendered (on-screen) coordinates.","src/collection.mts:3196"
"API","eles.renderedControlPoints","Implemented","controlPoints() in rendered (CSS px) space.","src/collection.mts:3450"
"API","eles.renderedCss","Implemented","Alias of eles.renderedStyle. Like style(), but with length props (width, height, border-width, font-size) scaled into rendered (on-screen) px by the zoom.","src/collection.mts:2666"
"API","eles.renderedHeight","Implemented","height() scaled by the current zoom.","src/collection.mts:3231"
"API","eles.renderedMidpoint","Implemented","midpoint() in rendered (CSS px) space.","src/collection.mts:3327"
"API","eles.renderedOuterHeight","Implemented","outerHeight() scaled by the current zoom.","src/collection.mts:3251"
"API","eles.renderedOuterWidth","Implemented","outerWidth() scaled by the current zoom.","src/collection.mts:3241"
"API","eles.renderedPoint","Implemented","Alias of eles.renderedPosition. Get or set the first element's position in rendered (CSS px) space — position() put through the current pan and zoom. Writing unprojects back to model space, so the element lands under the given screen point at the current viewport.","src/collection.mts:2147"
"API","eles.renderedPosition","Implemented","Get or set the first element's position in rendered (CSS px) space — position() put through the current pan and zoom. Writing unprojects back to model space, so the element lands under the given screen point at the current viewport.","src/collection.mts:2147"
"API","eles.renderedSegmentPoints","Implemented","segmentPoints() in rendered (CSS px) space.","src/collection.mts:3490"
"API","eles.renderedSourceEndpoint","Implemented","sourceEndpoint() in rendered (CSS px) space.","src/collection.mts:3372"
"API","eles.renderedStyle","Implemented","Like style(), but with length props (width, height, border-width, font-size) scaled into rendered (on-screen) px by the zoom.","src/collection.mts:2666"
"API","eles.renderedTargetEndpoint","Implemented","targetEndpoint() in rendered (CSS px) space.","src/collection.mts:3381"
"API","eles.renderedWidth","Implemented","width() scaled by the current zoom — the on-screen width in CSS px.","src/collection.mts:3222"
"API","eles.restore","Excluded","Removed elements cannot be restored or cloned through this API. Export definitions before removal and add definitions explicitly when needed.","MIGRATING.md"
"API","eles.roots","Implemented","Collection nodes with no non-loop incoming edge (whole-graph incidence, as in v3).","src/collection.mts:4764"
"API","eles.same","Implemented","Whether both collections hold exactly the same elements, ignoring order.","src/collection.mts:1054"
"API","eles.scratch","Implemented","Per-element scratchpad (plain JS, not a column): scratch() reads the first element's whole object, scratch(ns) one namespace, scratch(ns, val) / scratch(obj) write to every element.","src/collection.mts:2492"
"API","eles.segmentPoints","Implemented","The edge's segment points (model coords) — v3's getSegmentPoints: defined for segments and taxi edges (taxi derives its points), undefined otherwise.","src/collection.mts:3468"
"API","eles.select","Implemented","Select every selectable element, emitting select for each one that changed. Unselectable elements are skipped.","src/collection.mts:3602"
"API","eles.selectable","Implemented","Whether the first element may be selected by the user. The graph-wide cy.autounselectify() overrides this for user gestures.","src/collection.mts:3586"
"API","eles.selected","Implemented","Whether the first element is selected.","src/collection.mts:3570"
"API","eles.selectify","Implemented","Make these elements selectable.","src/collection.mts:3623"
"API","eles.shift","Implemented","Offset positions by a vector or along one axis.","src/collection.mts:1950"
"API","eles.show","Implemented","Show these elements — the display tier, v3's structural display: element. Shown elements take up space again, rejoin bounds and fit, and re-fan their bezier bundles.","src/collection.mts:3724"
"API","eles.siblings","Implemented","Nodes sharing a parent with the collection's nodes, excluding them; orphans are nobody's siblings (v3).","src/collection.mts:4592"
"API","eles.silentPosition","Excluded","Internal-only write, omitted from the typed public surface. Use position().","MIGRATING.md"
"API","eles.silentPositions","Excluded","Internal-only write, omitted from the typed public surface. Use positions().","MIGRATING.md"
"API","eles.silentShift","Excluded","Internal-only write, omitted from the typed public surface. Use shift().","MIGRATING.md"
"API","eles.simRank","Implemented","SimRank — ""two nodes are similar when their neighbors are similar"", the Jeh–Widom recursive fixed point, iterated as dense products S′ = C·Q·S·Qᵀ. Async (round 70): returns a promise, and executor ('cpu' | 'gpu' | 'auto', default 'auto'; 'workers' rejects — no workers path) picks where the iteration runs — under 'auto' the GPU from 256 nodes at any density (round 72.6 measured it ahead everywhere). The undirected default compares all neighbors; directed: true compares the classic in-neighborhoods. All-pairs (O(n²) memory). v4-only — v3 has no counterpart.","src/collection.mts:5840"
"API","eles.size","Implemented","The number of elements — the method form of length.","src/collection.mts:636"
"API","eles.slice","Implemented","A sub-range of the collection, with Array#slice semantics (negative indices count from the end).","src/collection.mts:739"
"API","eles.some","Implemented","Whether any element satisfies the predicate. Short-circuits.","src/collection.mts:849"
"API","eles.sort","Implemented","A copy sorted by a comparator. Note that sort order is a property of the collection, not of drawing: v4 draw order is structural and there is no z-index.","src/collection.mts:768"
"API","eles.sortByZIndex","Excluded","Z-index was removed; draw order is structural.","MIGRATING.md"
"API","eles.source","Implemented","The source node of the first edge.","src/collection.mts:4131"
"API","eles.sourceEndpoint","Implemented","The edge's source-side endpoint in model space, resolved through the route evaluator — so it accounts for curve family, node boundary clipping, haystack offsets and any manual source-endpoint.","src/collection.mts:3345"
"API","eles.sources","Implemented","The source nodes of every edge in the collection, deduped.","src/collection.mts:4149"
"API","eles.stop","Implemented","Stop every running animation on these elements (round 21: no queue — the v3 clearQueue argument is gone).","src/collection.mts:1773"
"API","eles.style","Implemented","Read resolved properties or set constant id-keyed bypasses. Bypasses export with the stylesheet and are replaced on a full sheet swap; mappers belong in the sheet.","src/collection.mts:2557"
"API","eles.subtract","Implemented","Alias of eles.difference. This collection's elements that are not in other.","src/collection.mts:1208"
"API","eles.successors","Implemented","Everything reachable by following outgoing edges, transitively — the edges and nodes of the forward closure, excluding these nodes themselves (unless a cycle reaches them).","src/collection.mts:4827"
"API","eles.symdiff","Implemented","Alias of eles.symmetricDifference. The elements in exactly one of the two collections.","src/collection.mts:1248"
"API","eles.symmetricDifference","Implemented","The elements in exactly one of the two collections.","src/collection.mts:1248"
"API","eles.takesUpSpace","Implemented","The space tier (round 22): shown elements occupy space — they join bb/fit and size their compound parents — even when visibility: 'hidden' keeps them from rendering. display-tier hide() clears it.","src/collection.mts:2767"
"API","eles.target","Implemented","The target node of the first edge.","src/collection.mts:4140"
"API","eles.targetEndpoint","Implemented","The edge's target-side endpoint in model space, resolved through the route evaluator — so it accounts for curve family, node boundary clipping, haystack offsets and any manual target-endpoint.","src/collection.mts:3363"
"API","eles.targets","Implemented","The target nodes of every edge in the collection, deduped.","src/collection.mts:4158"
"API","eles.tarjanStronglyConnected","Implemented","Tarjan's strongly connected components. Implemented iteratively, so deep graphs cannot overflow the JS stack.","src/collection.mts:5620"
"API","eles.tarjanStronglyConnectedComponents","Implemented","Alias of eles.tarjanStronglyConnected. Tarjan's strongly connected components. Implemented iteratively, so deep graphs cannot overflow the JS stack.","src/collection.mts:5620"
"API","eles.toArray","Implemented","The elements as a plain array of length-1 collections.","src/collection.mts:725"
"API","eles.toggleClass","Replaced","Classes were removed. Store category/state in element data and use query objects and conditional style mappers.","MIGRATING.md"
"API","eles.totalDegree","Implemented","The summed degree of every node in the collection — the whole-collection figure that degree() deliberately is not.","src/collection.mts:6200"
"API","eles.transparent","Implemented","Whether the first element is fully transparent — its effective opacity, with compound ancestors folded in, is exactly 0.","src/collection.mts:2754"
"API","eles.triangleCount","Implemented","Triangle counting: per-node triangle counts, local clustering coefficients, and the collection's transitivity, read over the simple undirected graph (direction ignored, parallel edges collapsed, loops excluded). Async (round 69): returns a promise, and executor ('cpu' | 'gpu' | 'auto', default 'auto'; 'workers' rejects — no workers path) picks where the counting runs — under 'auto' the GPU's A²∘A matmul is used only on graphs dense enough to beat the CPU's sparse walk. v4-only — v3 has no counterpart.","src/collection.mts:5797"
"API","eles.trigger","Implemented","Alias of eles.emit. Emit an event on each element, bubbling through compound ancestors to the core.","src/collection.mts:6349"
"API","eles.tsc","Implemented","Alias of eles.tarjanStronglyConnected. Tarjan's strongly connected components. Implemented iteratively, so deep graphs cannot overflow the JS stack.","src/collection.mts:5620"
"API","eles.tscc","Implemented","Alias of eles.tarjanStronglyConnected. Tarjan's strongly connected components. Implemented iteratively, so deep graphs cannot overflow the JS stack.","src/collection.mts:5620"
"API","eles.u","Implemented","Alias of eles.union. The union of the two collections, deduped.","src/collection.mts:1191"
"API","eles.unbind","Replaced","Use eles.off(); legacy listener aliases were removed.","MIGRATING.md"
"API","eles.ungrabify","Implemented","Make these elements ungrabbable — the user can no longer drag them, while programmatic position writes still apply.","src/collection.mts:3675"
"API","eles.union","Implemented","The union of the two collections, deduped.","src/collection.mts:1191"
"API","eles.unlisten","Replaced","Use eles.off(); legacy listener aliases were removed.","MIGRATING.md"
"API","eles.unlock","Implemented","Unlock these elements.","src/collection.mts:3785"
"API","eles.unmerge","Implemented","Alias of eles.difference. This collection's elements that are not in other.","src/collection.mts:1208"
"API","eles.unpanify","Implemented","Stop these elements from panning the viewport when dragged, so a grabbable one becomes draggable again.","src/collection.mts:3865"
"API","eles.unselect","Implemented","Deselect every element, emitting unselect for each one that changed.","src/collection.mts:3612"
"API","eles.unselectify","Implemented","Make these elements unselectable. Does not deselect them; call unselect() for that.","src/collection.mts:3633"
"API","eles.visible","Implemented","Whether the first element renders (round 22: the derived FLAG_DRAWN — shown AND not visibility: 'hidden' on self or, for nodes, any ancestor; edges additionally fold their endpoints, v3's rule). The renderer's cull pass and CPU picking mask on the same bit, so an element that is not visible() neither draws nor picks. For space-tier state (in the bb, sizing its compound parent) see takesUpSpace() — an invisible element keeps its space.","src/collection.mts:3694"
"API","eles.width","Implemented","The first element's width — a node's model-space width, or an edge's stroke width.","src/collection.mts:2201"
"API","eles.xor","Implemented","Alias of eles.symmetricDifference. The elements in exactly one of the two collections.","src/collection.mts:1248"
"API","eles.zDepth","Excluded","Z-depth ordering is not part of the v4 public surface.","MIGRATING.md"
"API","eles['-']","Replaced","Use eles.difference(). Symbolic set-operation aliases are not exposed in v4.","MIGRATING.md"
"API","eles['!']","Replaced","Use eles.difference(). Symbolic set-operation aliases are not exposed in v4.","MIGRATING.md"
"API","eles['.']","Replaced","Use eles.intersection(). Symbolic set-operation aliases are not exposed in v4.","MIGRATING.md"
"API","eles['(-)']","Replaced","Use eles.symmetricDifference(). Symbolic set-operation aliases are not exposed in v4.","MIGRATING.md"
"API","eles['(+)']","Replaced","Use eles.symmetricDifference(). Symbolic set-operation aliases are not exposed in v4.","MIGRATING.md"
"API","eles['\\']","Replaced","Use eles.difference(). Symbolic set-operation aliases are not exposed in v4.","MIGRATING.md"
"API","eles['&']","Replaced","Use eles.intersection(). Symbolic set-operation aliases are not exposed in v4.","MIGRATING.md"
"API","eles['^']","Replaced","Use eles.symmetricDifference(). Symbolic set-operation aliases are not exposed in v4.","MIGRATING.md"
"API","eles['+']","Replaced","Use eles.union(). Symbolic set-operation aliases are not exposed in v4.","MIGRATING.md"
"API","eles['|']","Replaced","Use eles.union(). Symbolic set-operation aliases are not exposed in v4.","MIGRATING.md"
"API","eles['n']","Replaced","Use eles.intersection(). Symbolic set-operation aliases are not exposed in v4.","MIGRATING.md"
"API","eles['u']","Replaced","Use eles.union(). Symbolic set-operation aliases are not exposed in v4.","MIGRATING.md"
"API","event.cancelled","Implemented","on layoutstop: true when the run was abandoned by layout.cancel() or cy.destroy() rather than finished or stopped (round 128); absent otherwise","src/event.mts"
"API","event.cy","Implemented","the core the event was raised on","src/event.mts:83"
"API","event.isDefaultPrevented","Implemented","Whether preventDefault() has been called.","src/event.mts:103"
"API","event.isPropagationStopped","Implemented","Whether stopPropagation() has been called — read by the compound bubbling walk (round 14.5), where it halts the phase sequence.","src/event.mts:106"
"API","event.layout","Implemented","the layout instance, on the layout lifecycle events","src/event.mts:91"
"API","event.originalEvent","Implemented","the DOM event behind a gesture, when there was one (round 41.4)","src/event.mts:89"
"API","event.position","Implemented","model-space position, on pointer-derived events","src/event.mts:85"
"API","event.preventDefault","Partial","Forwards to the original browser event. Does not cancel v4 gesture defaults; use the explicit interaction toggles.","src/event.mts:168"
"API","event.renderedPosition","Implemented","rendered-space position; derived from position and the viewport","src/event.mts:87"
"API","event.stopPropagation","Implemented","Stop the event bubbling to further phases: the remaining ancestors and the core do not see it (round 14.5). Returning false from a handler does the same. With originalEvent attached (round 41.4) this also calls the DOM event's stopPropagation(), so an outer DOM listener stops seeing it too.","src/event.mts:180"
"API","event.target","Implemented","the core for core-level events, the element for element events","src/event.mts:81"
"API","event.timeStamp","Implemented","when the event was built, Date.now() unless the caller supplied one","src/event.mts:93"
"API","event.type","Implemented","the event type, e.g. 'tap' — never namespaced (round 41.1)","src/event.mts:79"
"API","layout.addListener","Replaced","Layout handles expose run(), stop(), cancel(), promise() and reheat(). Observe layoutready/layoutstop on cy; custom layouts signal through their context.","MIGRATING.md"
"API","layout.bind","Replaced","Listen for layoutready/layoutstop on cy or await layout.promise(); layout handles do not expose an event emitter.","MIGRATING.md"
"API","layout.cancel","Implemented","Abandon the run in flight (round 128) — the alternative to stop(), which keeps what stands. The impl is asked to cancel() (or stop() when it has no cancel), and once its run settles the scope's nodes go back to where run() found them, a tween under way is dropped where it is, the viewport is left alone, layoutstop fires with cancelled: true, and promise() rejects with CancelledError. The eight built-ins have cancel() too (only their animate: true tween is ever in flight). A layout that is not running is unchanged.","src/layout/contract.mts"
"API","layout.emit","Replaced","Layout handles expose run(), stop(), cancel(), promise() and reheat(). Observe layoutready/layoutstop on cy; custom layouts signal through their context.","MIGRATING.md"
"API","layout.listen","Replaced","Listen for layoutready/layoutstop on cy or await layout.promise(); layout handles do not expose an event emitter.","MIGRATING.md"
"API","layout.off","Replaced","Layout handles expose run(), stop(), cancel(), promise() and reheat(). Observe layoutready/layoutstop on cy; custom layouts signal through their context.","MIGRATING.md"
"API","layout.on","Replaced","Layout handles expose run(), stop(), cancel(), promise() and reheat(). Observe layoutready/layoutstop on cy; custom layouts signal through their context.","MIGRATING.md"
"API","layout.one","Replaced","Layout handles expose run(), stop(), cancel(), promise() and reheat(). Observe layoutready/layoutstop on cy; custom layouts signal through their context.","MIGRATING.md"
"API","layout.options","Implemented","the resolved options this run was created with","src/layout/contract.mts:548"
"API","layout.pon","Replaced","Layout handles expose run(), stop(), cancel(), promise() and reheat(). Observe layoutready/layoutstop on cy; custom layouts signal through their context.","MIGRATING.md"
"API","layout.promise","Implemented","Resolves at this run's layoutstop (immediately when never run); rejects with CancelledError when the run was cancelled (round 128) — by cancel() or by cy.destroy(). A caller who never awaits it sees no unhandled rejection.","src/layout/contract.mts"
"API","layout.promiseOn","Replaced","Layout handles expose run(), stop(), cancel(), promise() and reheat(). Observe layoutready/layoutstop on cy; custom layouts signal through their context.","MIGRATING.md"
"API","layout.reheat","Implemented","Heat a running layout back up (118.3), by calling the impl's optional reheat(). A force layout's infinite run ticks only while its field is moving and reheats itself on a drag, a moved node and an added or removed element; this is for a change it cannot see — an edge length that changed under a data mapping, a style that resized the boxes. An impl without one ignores it.","src/layout/contract.mts:660"
"API","layout.removeAllListeners","Replaced","Layout handles expose run(), stop(), cancel(), promise() and reheat(). Observe layoutready/layoutstop on cy; custom layouts signal through their context.","MIGRATING.md"
"API","layout.removeListener","Replaced","Layout handles expose run(), stop(), cancel(), promise() and reheat(). Observe layoutready/layoutstop on cy; custom layouts signal through their context.","MIGRATING.md"
"API","layout.run","Implemented","Start the layout. Emits layoutstart on the core, calls impl.run( ctx ) and awaits it if it returns a promise (the shape a GPU-resident layout needs).","src/layout/contract.mts:597"
"API","layout.start","Replaced","Use layout.run(). The v3 spelling is not public in v4.","MIGRATING.md"
"API","layout.stop","Implemented","Ask the layout to stop early, by calling the impl's optional stop(). An impl without one simply runs to completion.","src/layout/contract.mts:642"
"API","layout.trigger","Replaced","Layout handles expose run(), stop(), cancel(), promise() and reheat(). Observe layoutready/layoutstop on cy; custom layouts signal through their context.","MIGRATING.md"
"API","layout.unbind","Replaced","Listen for layoutready/layoutstop on cy or await layout.promise(); layout handles do not expose an event emitter.","MIGRATING.md"
"API","layout.unlisten","Replaced","Listen for layoutready/layoutstop on cy or await layout.promise(); layout handles do not expose an event emitter.","MIGRATING.md"
"Distribution","Official JSON schemas","Planned","Element, stylesheet and layout schemas are scoped; not shipped.","plan/rounds/2026-08-14-10-rnd0079-plan-official-json-schemas.md"
"Distribution","TypeScript declarations","Implemented","Public declarations are generated and shipped with the package.","src/README.md"
"Distribution","UMD, CJS and ESM bundles","Implemented","Bundle builds exist, including minified UMD and ESM; release publication remains separate.","src/README.md"
"Documentation","API reference generator","Implemented","Source JSDoc generates the status-site API preview.","scripts/docs-generate.mjs"
"Documentation","Release documentation site","Planned","The release docs site is scoped as round 46; the current API page is a preview.","src/README.md"
"Export","Headless image generation","Planned","Scoped headless SVG and raster-export investigation; current PNG/JPEG require a mounted renderer.","plan/rounds/2026-08-14-09-rnd0078-plan-headless-node-image-generation.md"
"Export","PDF export","Undecided","Follow-up over SVG export; backend choice and font embedding/outline fidelity require investigation.","PLAN.md"
"Export","PNG and JPEG","Implemented","Rendered image export via the public core methods; requires a mounted renderer.","src/README.md"
"Export","SVG vector export","Planned","Minimum requirement for the first alpha, as clarified in the feature direction. SVG serialization is scoped in round 77; working vector output is required. PDF remains a separate undecided follow-up.","plan/rounds/2026-08-14-08-rnd0077-plan-svg-vector-export.md"
"Extensions","Core, collection and renderer extensions","Undecided","Demand-gated extension points remain deferred. Only the layout contract is public.","MIGRATING.md"
"Extensions","cyext extension toolchain","Planned","Scaffold, build and validate extensions against the v4 contract; scoped, not shipped.","plan/rounds/2026-08-14-01-rnd0071-plan-cyext-the-extension-toolchain.md"
"Interaction","Box selection","Implemented","Contain and overlap modes, with optional label inclusion.","MIGRATING.md"
"Interaction","Event namespaces and raw mouse/touch aliases","Excluded","Use the curated v4 event vocabulary; namespace parsing and raw alias re-emits were removed.","MIGRATING.md"
"Interaction","Parent versus edge drag targeting","Partial","Tap/hover resolves leaf > edge > parent. Initial pan-versus-grab and taphold still use synchronous node picking.","src/README.md"
"Interaction","Pointer and wheel gestures","Implemented","Picking, dragging, pan, zoom, tap, double tap and context gestures.","src/README.md"
"Interaction","Touch gestures","Implemented","Pinch zoom, two-finger context gestures and three-finger box selection.","src/README.md"
"Interaction","Transient emphasis","Planned","Scoped hover highlight without stylesheet mutation; current applications can implement emphasis with existing style APIs.","plan/rounds/2026-08-20-03-rnd0102-plan-transient-emphasis-hover-highlight-without-touching-the.md"
"Interaction","Wheel behaviour refinements","Planned","Scoped ctrl/meta-wheel and trackpad behaviour changes; existing wheel zoom remains implemented.","plan/rounds/2026-08-14-06-rnd0075-plan-the-dx-polish-bundle.md"
"Layout","breadthfirst","Implemented","Directed levels with node-size-aware spacing and component packing.","src/layout/breadthfirst.mts"
"Layout","circle","Implemented","Circular placement with node-size-aware spacing and component packing.","src/layout/circle.mts"
"Layout","concentric","Implemented","Concentric rings from node scores, with component packing.","src/layout/concentric.mts"
"Layout","cose","Replaced","Use force; the v3 cose option surface is not accepted unchanged.","MIGRATING.md"
"Layout","flow","Implemented","Layered directed layout with rank assignment, compound handling and edge routing support.","src/layout/flow.mts"
"Layout","force","Implemented","CPU and GPU force layout; constraints, component packing, overlap avoidance and infinite interactive runs.","src/layout/force.mts"
"Layout","grid","Implemented","Grid placement with node-size-aware spacing and component packing.","src/layout/grid.mts"
"Layout","Layout extensions","Implemented","Pass implementations directly through the layout contract; no extension registry.","src/layout/contract.mts"
"Layout","pack","Implemented","Pack disconnected components while preserving their internal drawing.","src/layout/pack-layout.mts"
"Layout","preset","Implemented","Place nodes at supplied or existing positions; parents derive from their children.","src/layout/preset.mts"
"Layout","radial","Implemented","Radial tree placement.","src/layout/radial.mts"
"Layout","random","Implemented","Random placement in a bounding box.","src/layout/random.mts"
"Model","Attribute-table column views and filters","Planned","Scoped public column-view/filter affordances; current query objects remain available.","plan/rounds/2026-08-14-15-rnd0084-plan-attribute-table-and-filter-affordances.md"
"Model","Automatic and explicit compaction","Implemented","Reclaim dead slots while preserving live handles and draw order.","src/README.md"
"Model","Binary graph loading and export","Implemented","Load transferable binary payloads; numeric columns deserialize as views. Graph-level data imports at construction, not cy.add().","src/wire.mts"
"Model","Columnar storage","Implemented","Typed columns, indexed adjacency and compact element handles.","src/README.md"
"Model","Compound graphs","Implemented","Hierarchy, subtree moves, inherited visibility and derived parent bounds.","src/README.md"
"Model","Id-keyed payload reconciliation","Planned","Scoped patch/reconcile API for fresh payloads; current add/remove/data writes remain available.","plan/rounds/2026-08-20-08-rnd0107-plan-patch-id-keyed-reconcile-of-a-fresh-payload.md"
"Model","Multiple viewers by cloning","Planned","Scoped viewer cloning API; separate independent instances already work.","plan/rounds/2026-08-20-07-rnd0106-plan-n-viewers-by-cloning.md"
"Model","Progressive ingest","Planned","Scoped chunked loading and first-frame progress; existing bulk loading is implemented.","plan/rounds/2026-08-20-04-rnd0103-plan-progressive-ingest-a-first-frame-before-the-last-byte.md"
"Model","Zero-copy census and follow-ups","Implemented","The census table lives in src/README.md with two re-runnable instruments (benchmark/copy-census*.mjs); the SharedArrayBuffer tier for the worker host is designed and built on trigger (110.3); no general zero-copy guarantee.","plan/rounds/2026-08-26-02-rnd0110-landed-zero-copy-the-copy-census-and-what-each-copy-buys.md"
"Query","Element classes","Replaced","Use data fields and conditional style mappers.","MIGRATING.md"
"Query","Selector strings","Replaced","Use query objects and predicates; selector strings throw.","MIGRATING.md"
"Release","Cross-platform validation","Planned","Round 49 remains part of the release sequence; existing CI does not complete that scope.","src/README.md"
"Release","Release engineering and bake","Planned","Rounds 50–51 cover release workflows, artifact publication and release validation. V4 is unreleased.","src/README.md"
"Rendering","Annotations layer","Planned","Scoped world-space annotations with picking and export integration; unbuilt.","plan/rounds/2026-08-14-12-rnd0081-plan-the-annotations-layer.md"
"Rendering","Automatic taxi tracks","Implemented","Live-position fan-out tracks, per-edge casing order and layout gap accommodation.","src/README.md"
"Rendering","Background images","Implemented","Multiple images, SVG promotion and SDF icons; resource caps and degradation are documented.","src/README.md"
"Rendering","Canvas fallback","Excluded","No canvas renderer fallback; headless model use remains available.","MIGRATING.md"
"Rendering","Cluster hulls and collapse proxies","Planned","Scoped hull geometry and aggregation proxies; current compound nodes are a separate implemented feature.","plan/rounds/2026-08-14-13-rnd0082-plan-cluster-hulls-and-collapse-aggregation-proxies.md"
"Rendering","Curved and taxi edges","Implemented","Bezier, segments, taxi, rounded variants, loops, haystack and manual endpoints.","src/README.md"
"Rendering","Edge-layer cap and join parity","Planned","Scoped round layer caps, join blending and arrow-reach fixes; current layer strokes retain recorded differences.","plan/rounds/2026-08-17-02-rnd0088-plan-edge-layer-strokes-the-caps-the-corners-and-the-arrow.md"
"Rendering","Elevated draw tier","Undecided","Demand-gated follow-up; z-index is excluded.","src/README.md"
"Rendering","GPU edge bundling","Planned","Scoped force-directed edge bundling; current parallel-bezier routing is a separate implemented feature.","plan/rounds/2026-08-14-14-rnd0083-plan-gpu-edge-bundling.md"
"Rendering","Hollow mid-arrow compositing","Undecided","Mid arrows are filled; the hollow mid-arrow gap remains an open scope call.","PLAN.md"
"Rendering","Label decluttering","Planned","Scoped priority and collision handling for dense labels; unbuilt.","plan/rounds/2026-08-20-05-rnd0104-plan-label-decluttering-priority-and-collision-at-scale.md"
"Rendering","Multiline and edge labels","Implemented","Wrapped labels, source/target labels, label geometry and bounds.","src/README.md"
"Rendering","Node shapes and arrowhead vocabulary","Implemented","The v3 shape vocabulary is supported with normalized dashed names. Compositing deviations are tracked separately.","src/README.md"
"Rendering","Overlapping translucent arrowheads","Partial","Heads composite; v3 destination-out flattening is not reproduced.","src/README.md"
"Rendering","Very large parallel-edge bundles","Planned","Scoped GeneMANIA-scale bundle performance and fixture work; existing parallel edges are supported.","plan/rounds/2026-08-20-06-rnd0105-plan-parallel-edges-at-genemania-width-and-a-genemania.md"
"Rendering","Rendering without WebGPU","Planned","Minimum requirement for the first alpha: working rendering in environments without WebGPU, likely via WebGL. Backend choice, capability selection and supported limits need definition and validation; current rendering still requires WebGPU.","docs/feature-direction.md"
"Rendering","WebGL2 fallback investigation","Planned","Scoped feasibility work informs the likely WebGL backend. The feature direction now requires non-WebGPU rendering for alpha; backend choice remains open, rather than whether to provide a fallback at all.","plan/rounds/2026-08-14-04-rnd0073-plan-the-webgl2-fallback-scoped.md"
"Rendering","WebGPU renderer","Implemented","GPU drawing, culling, picking and mapped paint; browser WebGPU is required.","src/README.md"
"Runtime","Additional runtime support investigation","Planned","Scoped capability/support matrix; no extra runtime support promise is made.","plan/rounds/2026-08-19-04-rnd0100-plan-the-runtime-horizon-which-other-javascript-environments.md"
"Runtime","Bun headless","Implemented","Built bundles are covered by the cross-runtime smoke suite and CI.","test/runtimes/smoke.mjs"
"Runtime","Deno headless","Implemented","Built bundles are covered by the cross-runtime smoke suite and CI.","test/runtimes/smoke.mjs"
"Runtime","Device-loss recovery","Implemented","Reconstruct GPU state from CPU-owned data; exercised under lifecycle/load tests.","src/README.md"
"Runtime","Mount and unmount","Implemented","Attach or detach rendering while retaining the CPU model.","src/core.mts"
"Runtime","Native Bun/Deno runners and GPU integration","Planned","Scoped native full-suite measurements and Deno adapter work; existing headless bundle smoke coverage is implemented.","plan/rounds/2026-08-19-03-rnd0099-plan-bun-and-deno-first-class-the-native-runners-measured-s.md"
"Runtime","Node headless","Implemented","Headless package operation is covered by the Node runtime smoke suite.","test/runtimes/smoke.mjs"
"Style","active-bg-color","Implemented","Core theming; set in the core stylesheet group. Constants only.","src/style.mts"
"Style","active-bg-opacity","Implemented","Core theming; set in the core stylesheet group. Constants only.","src/style.mts"
"Style","active-bg-size","Implemented","Core theming; set in the core stylesheet group. Constants only.","src/style.mts"
"Style","arrow-scale","Implemented","Accepted by the v4 stylesheet. Values and applicable element groups follow the v4 style compiler.","src/style.mts"
"Style","background-blacken","Replaced","Compute the shade in a colour mapper range.","MIGRATING.md"
"Style","background-clip","Implemented","Accepted by the v4 stylesheet. Values and applicable element groups follow the v4 style compiler.","src/style.mts"
"Style","background-color","Implemented","Accepted by the v4 stylesheet. Values and applicable element groups follow the v4 style compiler.","src/style.mts"
"Style","background-fill","Implemented","Accepted by the v4 stylesheet. Values and applicable element groups follow the v4 style compiler.","src/style.mts"
"Style","background-fit","Implemented","Accepted by the v4 stylesheet. Values and applicable element groups follow the v4 style compiler.","src/style.mts"
"Style","background-gradient-direction","Implemented","Accepted by the v4 stylesheet. Values and applicable element groups follow the v4 style compiler.","src/style.mts"
"Style","background-gradient-stop-colors","Partial","Gradient stops are supported with a maximum of five stops.","src/style.mts"
"Style","background-gradient-stop-positions","Partial","Gradient stops are supported with a maximum of five stops.","src/style.mts"
"Style","background-height","Implemented","Accepted by the v4 stylesheet. Values and applicable element groups follow the v4 style compiler.","src/style.mts"
"Style","background-height-relative-to","Excluded","Background image sizing uses the v4 image-box rules; the v3 relative-to toggle is not supported.","MIGRATING.md"
"Style","background-image","Implemented","Accepted by the v4 stylesheet. Values and applicable element groups follow the v4 style compiler.","src/style.mts"
"Style","background-image-color","Implemented","Accepted by the v4 stylesheet. Values and applicable element groups follow the v4 style compiler.","src/style.mts"
"Style","background-image-containment","Implemented","Accepted by the v4 stylesheet. Values and applicable element groups follow the v4 style compiler.","src/style.mts"
"Style","background-image-crossorigin","Implemented","Accepted by the v4 stylesheet. Values and applicable element groups follow the v4 style compiler.","src/style.mts"
"Style","background-image-opacity","Implemented","Accepted by the v4 stylesheet. Values and applicable element groups follow the v4 style compiler.","src/style.mts"
"Style","background-image-smoothing","Implemented","Accepted by the v4 stylesheet. Values and applicable element groups follow the v4 style compiler.","src/style.mts"
"Style","background-image-type","Implemented","Accepted by the v4 stylesheet. Values and applicable element groups follow the v4 style compiler.","src/style.mts"
"Style","background-offset-x","Implemented","Accepted by the v4 stylesheet. Values and applicable element groups follow the v4 style compiler.","src/style.mts"
"Style","background-offset-y","Implemented","Accepted by the v4 stylesheet. Values and applicable element groups follow the v4 style compiler.","src/style.mts"
"Style","background-opacity","Implemented","Accepted by the v4 stylesheet. Values and applicable element groups follow the v4 style compiler.","src/style.mts"
"Style","background-position-x","Implemented","Accepted by the v4 stylesheet. Values and applicable element groups follow the v4 style compiler.","src/style.mts"
"Style","background-position-y","Implemented","Accepted by the v4 stylesheet. Values and applicable element groups follow the v4 style compiler.","src/style.mts"
"Style","background-repeat","Implemented","Accepted by the v4 stylesheet. Values and applicable element groups follow the v4 style compiler.","src/style.mts"
"Style","background-width","Implemented","Accepted by the v4 stylesheet. Values and applicable element groups follow the v4 style compiler.","src/style.mts"
"Style","background-width-relative-to","Excluded","Background image sizing uses the v4 image-box rules; the v3 relative-to toggle is not supported.","MIGRATING.md"
"Style","border-cap","Excluded","Dash ends use perpendicular butt cuts; no configurable border cap.","MIGRATING.md"
"Style","border-color","Implemented","Accepted by the v4 stylesheet. Values and applicable element groups follow the v4 style compiler.","src/style.mts"
"Style","border-dash-offset","Implemented","Accepted by the v4 stylesheet. Values and applicable element groups follow the v4 style compiler.","src/style.mts"
"Style","border-dash-pattern","Implemented","Accepted by the v4 stylesheet. Values and applicable element groups follow the v4 style compiler.","src/style.mts"
"Style","border-join","Excluded","Border joins follow the shape geometry; no configurable border join.","MIGRATING.md"
"Style","border-opacity","Implemented","Accepted by the v4 stylesheet. Values and applicable element groups follow the v4 style compiler.","src/style.mts"
"Style","border-position","Implemented","Accepted by the v4 stylesheet. Values and applicable element groups follow the v4 style compiler.","src/style.mts"
"Style","border-style","Implemented","Accepted by the v4 stylesheet. Values and applicable element groups follow the v4 style compiler.","src/style.mts"
"Style","border-width","Implemented","Accepted by the v4 stylesheet. Values and applicable element groups follow the v4 style compiler.","src/style.mts"
"Style","bounds-expansion","Excluded","Bounds are derived from the drawn geometry; no manual expansion property.","MIGRATING.md"
"Style","box-select-labels","Replaced","Use the core option boxSelectionIncludesLabels.","MIGRATING.md"
"Style","box-selection","Replaced","Use boxSelectionMode ('contain' or 'overlap'); disable events for the v3 'none' behaviour.","MIGRATING.md"
"Style","chart","Implemented","Accepted by the v4 stylesheet. Values and applicable element groups follow the v4 style compiler.","src/style.mts"
"Style","chart-colors","Implemented","Up to 16 slice colours; constant list. Per-slice alpha belongs in the colour values.","src/style.mts"
"Style","chart-direction","Implemented","Accepted by the v4 stylesheet. Values and applicable element groups follow the v4 style compiler.","src/style.mts"
"Style","chart-hole","Implemented","Accepted by the v4 stylesheet. Values and applicable element groups follow the v4 style compiler.","src/style.mts"
"Style","chart-opacity","Implemented","Overall opacity folded into every chart slice alpha.","src/style.mts"
"Style","chart-size","Implemented","Accepted by the v4 stylesheet. Values and applicable element groups follow the v4 style compiler.","src/style.mts"
"Style","chart-start-angle","Implemented","Accepted by the v4 stylesheet. Values and applicable element groups follow the v4 style compiler.","src/style.mts"
"Style","chart-values","Implemented","Up to 16 absolute fractions (or percentages); values are not normalized. Constants or a data passthrough.","src/style.mts"
"Style","color","Implemented","Accepted by the v4 stylesheet. Values and applicable element groups follow the v4 style compiler.","src/style.mts"
"Style","compound-sizing-wrt-labels","Partial","Parents only; 'exclude' is accepted, 'include' throws. Compound auto-bounds use child bodies; public bounding boxes can include labels.","src/style.mts"
"Style","content","Replaced","Use label.","MIGRATING.md"
"Style","control-point-distance","Replaced","Use control-point-distances (plural).","MIGRATING.md"
"Style","control-point-distances","Implemented","Edge routing array; constants only. Use an id-keyed style bypass for a different array on each edge.","src/style.mts"
"Style","control-point-step-size","Implemented","Accepted by the v4 stylesheet. Values and applicable element groups follow the v4 style compiler.","src/style.mts"
"Style","control-point-weight","Implemented","Accepted by the v4 stylesheet. Values and applicable element groups follow the v4 style compiler.","src/style.mts"
"Style","control-point-weights","Implemented","Edge routing array; constants only. Use an id-keyed style bypass for a different array on each edge.","src/style.mts"
"Style","corner-radius","Implemented","Accepted by the v4 stylesheet. Values and applicable element groups follow the v4 style compiler.","src/style.mts"
"Style","curve-style","Implemented","Accepted by the v4 stylesheet. Values and applicable element groups follow the v4 style compiler.","src/style.mts"
"Style","display","Replaced","Use show()/hide() for structural visibility, or the visibility property for paint-only hiding.","MIGRATING.md"
"Style","edge-distances","Implemented","Accepted by the v4 stylesheet. Values and applicable element groups follow the v4 style compiler.","src/style.mts"
"Style","edge-text-rotation","Replaced","Use text-rotation.","MIGRATING.md"
"Style","events","Implemented","Accepted by the v4 stylesheet. Values and applicable element groups follow the v4 style compiler.","src/style.mts"
"Style","font-family","Partial","One global font face per atlas; per-element font families and mappers are excluded.","src/style.mts"
"Style","font-size","Implemented","Accepted by the v4 stylesheet. Values and applicable element groups follow the v4 style compiler.","src/style.mts"
"Style","font-style","Partial","Global font setting; per-element variation and mappers are excluded.","src/style.mts"
"Style","font-weight","Partial","Global font setting; per-element variation and mappers are excluded.","src/style.mts"
"Style","ghost","Implemented","Accepted by the v4 stylesheet. Values and applicable element groups follow the v4 style compiler.","src/style.mts"
"Style","ghost-offset-x","Implemented","Accepted by the v4 stylesheet. Values and applicable element groups follow the v4 style compiler.","src/style.mts"
"Style","ghost-offset-y","Implemented","Accepted by the v4 stylesheet. Values and applicable element groups follow the v4 style compiler.","src/style.mts"
"Style","ghost-opacity","Implemented","Accepted by the v4 stylesheet. Values and applicable element groups follow the v4 style compiler.","src/style.mts"
"Style","haystack-radius","Implemented","Accepted by the v4 stylesheet. Values and applicable element groups follow the v4 style compiler.","src/style.mts"
"Style","height","Implemented","Accepted by the v4 stylesheet. Values and applicable element groups follow the v4 style compiler.","src/style.mts"
"Style","label","Implemented","Accepted by the v4 stylesheet. Values and applicable element groups follow the v4 style compiler.","src/style.mts"
"Style","line-cap","Implemented","Accepted by the v4 stylesheet. Values and applicable element groups follow the v4 style compiler.","src/style.mts"
"Style","line-color","Implemented","Accepted by the v4 stylesheet. Values and applicable element groups follow the v4 style compiler.","src/style.mts"
"Style","line-dash-offset","Implemented","Accepted by the v4 stylesheet. Values and applicable element groups follow the v4 style compiler.","src/style.mts"
"Style","line-dash-pattern","Implemented","Accepted by the v4 stylesheet. Values and applicable element groups follow the v4 style compiler.","src/style.mts"
"Style","line-fill","Implemented","Accepted by the v4 stylesheet. Values and applicable element groups follow the v4 style compiler.","src/style.mts"
"Style","line-gradient-stop-colors","Partial","Gradient stops are supported with a maximum of five stops.","src/style.mts"
"Style","line-gradient-stop-positions","Partial","Gradient stops are supported with a maximum of five stops.","src/style.mts"
"Style","line-height","Implemented","Accepted by the v4 stylesheet. Values and applicable element groups follow the v4 style compiler.","src/style.mts"
"Style","line-opacity","Implemented","Accepted by the v4 stylesheet. Values and applicable element groups follow the v4 style compiler.","src/style.mts"
"Style","line-outline-color","Implemented","Accepted by the v4 stylesheet. Values and applicable element groups follow the v4 style compiler.","src/style.mts"
"Style","line-outline-width","Implemented","Accepted by the v4 stylesheet. Values and applicable element groups follow the v4 style compiler.","src/style.mts"
"Style","line-style","Implemented","Accepted by the v4 stylesheet. Values and applicable element groups follow the v4 style compiler.","src/style.mts"
"Style","loop-direction","Implemented","Accepted by the v4 stylesheet. Values and applicable element groups follow the v4 style compiler.","src/style.mts"
"Style","loop-sweep","Implemented","Accepted by the v4 stylesheet. Values and applicable element groups follow the v4 style compiler.","src/style.mts"
"Style","mid-source-arrow-color","Implemented","Accepted by the v4 stylesheet. Values and applicable element groups follow the v4 style compiler.","src/style.mts"
"Style","mid-source-arrow-fill","Undecided","Not supported: mid arrows are filled at standard width. Hollow-mid-arrow scope remains an open design call.","MIGRATING.md"
"Style","mid-source-arrow-shape","Implemented","Accepted by the v4 stylesheet. Values and applicable element groups follow the v4 style compiler.","src/style.mts"
"Style","mid-source-arrow-width","Not implemented","Mid arrows use the standard width; this v3 width override has no v4 spelling.","MIGRATING.md"
"Style","mid-target-arrow-color","Implemented","Accepted by the v4 stylesheet. Values and applicable element groups follow the v4 style compiler.","src/style.mts"
"Style","mid-target-arrow-fill","Undecided","Not supported: mid arrows are filled at standard width. Hollow-mid-arrow scope remains an open design call.","MIGRATING.md"
"Style","mid-target-arrow-shape","Implemented","Accepted by the v4 stylesheet. Values and applicable element groups follow the v4 style compiler.","src/style.mts"
"Style","mid-target-arrow-width","Not implemented","Mid arrows use the standard width; this v3 width override has no v4 spelling.","MIGRATING.md"
"Style","min-height","Implemented","Compound parents group only. Padding accepts pixels or percentages; per-side values override uniform padding.","src/style.mts"
"Style","min-height-bias-bottom","Replaced","The min-width/min-height clamp is centred. Use per-side parent padding for asymmetric space.","MIGRATING.md"
"Style","min-height-bias-top","Replaced","The min-width/min-height clamp is centred. Use per-side parent padding for asymmetric space.","MIGRATING.md"
"Style","min-width","Implemented","Compound parents group only. Padding accepts pixels or percentages; per-side values override uniform padding.","src/style.mts"
"Style","min-width-bias-left","Replaced","The min-width/min-height clamp is centred. Use per-side parent padding for asymmetric space.","MIGRATING.md"
"Style","min-width-bias-right","Replaced","The min-width/min-height clamp is centred. Use per-side parent padding for asymmetric space.","MIGRATING.md"
"Style","min-zoomed-font-size","Implemented","Accepted by the v4 stylesheet. Values and applicable element groups follow the v4 style compiler.","src/style.mts"
"Style","opacity","Implemented","Accepted by the v4 stylesheet. Values and applicable element groups follow the v4 style compiler.","src/style.mts"
"Style","outline-color","Implemented","Accepted by the v4 stylesheet. Values and applicable element groups follow the v4 style compiler.","src/style.mts"
"Style","outline-offset","Implemented","Accepted by the v4 stylesheet. Values and applicable element groups follow the v4 style compiler.","src/style.mts"
"Style","outline-opacity","Implemented","Accepted by the v4 stylesheet. Values and applicable element groups follow the v4 style compiler.","src/style.mts"
"Style","outline-style","Implemented","Accepted by the v4 stylesheet. Values and applicable element groups follow the v4 style compiler.","src/style.mts"
"Style","outline-width","Implemented","Accepted by the v4 stylesheet. Values and applicable element groups follow the v4 style compiler.","src/style.mts"
"Style","outside-texture-bg-color","Excluded","Removed with textureOnViewport; v4 does not use the canvas-era viewport texture.","MIGRATING.md"
"Style","outside-texture-bg-opacity","Excluded","Removed with textureOnViewport; v4 does not use the canvas-era viewport texture.","MIGRATING.md"
"Style","overlay-color","Implemented","Accepted by the v4 stylesheet. Values and applicable element groups follow the v4 style compiler.","src/style.mts"
"Style","overlay-corner-radius","Implemented","Accepted by the v4 stylesheet. Values and applicable element groups follow the v4 style compiler.","src/style.mts"
"Style","overlay-opacity","Implemented","Accepted by the v4 stylesheet. Values and applicable element groups follow the v4 style compiler.","src/style.mts"
"Style","overlay-padding","Implemented","Accepted by the v4 stylesheet. Values and applicable element groups follow the v4 style compiler.","src/style.mts"
"Style","overlay-shape","Implemented","Accepted by the v4 stylesheet. Values and applicable element groups follow the v4 style compiler.","src/style.mts"
"Style","padding","Implemented","Compound parents group only. Padding accepts pixels or percentages; per-side values override uniform padding.","src/style.mts"
"Style","padding-bottom","Implemented","Compound parents group only. Padding accepts pixels or percentages; per-side values override uniform padding.","src/style.mts"
"Style","padding-left","Implemented","Compound parents group only. Padding accepts pixels or percentages; per-side values override uniform padding.","src/style.mts"
"Style","padding-relative-to","Implemented","Compound parents group only. Padding accepts pixels or percentages; per-side values override uniform padding.","src/style.mts"
"Style","padding-right","Implemented","Compound parents group only. Padding accepts pixels or percentages; per-side values override uniform padding.","src/style.mts"
"Style","padding-top","Implemented","Compound parents group only. Padding accepts pixels or percentages; per-side values override uniform padding.","src/style.mts"
"Style","pie-1-background-color","Replaced","Use chart: 'pie' and chart-colors[0].","MIGRATING.md"
"Style","pie-1-background-opacity","Replaced","Use chart: 'pie' and the alpha component of chart-colors[0]; chart-opacity controls the whole chart.","MIGRATING.md"
"Style","pie-1-background-size","Replaced","Use chart: 'pie' and chart-values[0] (fraction or percentage).","MIGRATING.md"
"Style","pie-10-background-color","Replaced","Use chart: 'pie' and chart-colors[9].","MIGRATING.md"
"Style","pie-10-background-opacity","Replaced","Use chart: 'pie' and the alpha component of chart-colors[9]; chart-opacity controls the whole chart.","MIGRATING.md"
"Style","pie-10-background-size","Replaced","Use chart: 'pie' and chart-values[9] (fraction or percentage).","MIGRATING.md"
"Style","pie-11-background-color","Replaced","Use chart: 'pie' and chart-colors[10].","MIGRATING.md"
"Style","pie-11-background-opacity","Replaced","Use chart: 'pie' and the alpha component of chart-colors[10]; chart-opacity controls the whole chart.","MIGRATING.md"
"Style","pie-11-background-size","Replaced","Use chart: 'pie' and chart-values[10] (fraction or percentage).","MIGRATING.md"
"Style","pie-12-background-color","Replaced","Use chart: 'pie' and chart-colors[11].","MIGRATING.md"
"Style","pie-12-background-opacity","Replaced","Use chart: 'pie' and the alpha component of chart-colors[11]; chart-opacity controls the whole chart.","MIGRATING.md"
"Style","pie-12-background-size","Replaced","Use chart: 'pie' and chart-values[11] (fraction or percentage).","MIGRATING.md"
"Style","pie-13-background-color","Replaced","Use chart: 'pie' and chart-colors[12].","MIGRATING.md"
"Style","pie-13-background-opacity","Replaced","Use chart: 'pie' and the alpha component of chart-colors[12]; chart-opacity controls the whole chart.","MIGRATING.md"
"Style","pie-13-background-size","Replaced","Use chart: 'pie' and chart-values[12] (fraction or percentage).","MIGRATING.md"
"Style","pie-14-background-color","Replaced","Use chart: 'pie' and chart-colors[13].","MIGRATING.md"
"Style","pie-14-background-opacity","Replaced","Use chart: 'pie' and the alpha component of chart-colors[13]; chart-opacity controls the whole chart.","MIGRATING.md"
"Style","pie-14-background-size","Replaced","Use chart: 'pie' and chart-values[13] (fraction or percentage).","MIGRATING.md"
"Style","pie-15-background-color","Replaced","Use chart: 'pie' and chart-colors[14].","MIGRATING.md"
"Style","pie-15-background-opacity","Replaced","Use chart: 'pie' and the alpha component of chart-colors[14]; chart-opacity controls the whole chart.","MIGRATING.md"
"Style","pie-15-background-size","Replaced","Use chart: 'pie' and chart-values[14] (fraction or percentage).","MIGRATING.md"
"Style","pie-16-background-color","Replaced","Use chart: 'pie' and chart-colors[15].","MIGRATING.md"
"Style","pie-16-background-opacity","Replaced","Use chart: 'pie' and the alpha component of chart-colors[15]; chart-opacity controls the whole chart.","MIGRATING.md"
"Style","pie-16-background-size","Replaced","Use chart: 'pie' and chart-values[15] (fraction or percentage).","MIGRATING.md"
"Style","pie-2-background-color","Replaced","Use chart: 'pie' and chart-colors[1].","MIGRATING.md"
"Style","pie-2-background-opacity","Replaced","Use chart: 'pie' and the alpha component of chart-colors[1]; chart-opacity controls the whole chart.","MIGRATING.md"
"Style","pie-2-background-size","Replaced","Use chart: 'pie' and chart-values[1] (fraction or percentage).","MIGRATING.md"
"Style","pie-3-background-color","Replaced","Use chart: 'pie' and chart-colors[2].","MIGRATING.md"
"Style","pie-3-background-opacity","Replaced","Use chart: 'pie' and the alpha component of chart-colors[2]; chart-opacity controls the whole chart.","MIGRATING.md"
"Style","pie-3-background-size","Replaced","Use chart: 'pie' and chart-values[2] (fraction or percentage).","MIGRATING.md"
"Style","pie-4-background-color","Replaced","Use chart: 'pie' and chart-colors[3].","MIGRATING.md"
"Style","pie-4-background-opacity","Replaced","Use chart: 'pie' and the alpha component of chart-colors[3]; chart-opacity controls the whole chart.","MIGRATING.md"
"Style","pie-4-background-size","Replaced","Use chart: 'pie' and chart-values[3] (fraction or percentage).","MIGRATING.md"
"Style","pie-5-background-color","Replaced","Use chart: 'pie' and chart-colors[4].","MIGRATING.md"
"Style","pie-5-background-opacity","Replaced","Use chart: 'pie' and the alpha component of chart-colors[4]; chart-opacity controls the whole chart.","MIGRATING.md"
"Style","pie-5-background-size","Replaced","Use chart: 'pie' and chart-values[4] (fraction or percentage).","MIGRATING.md"
"Style","pie-6-background-color","Replaced","Use chart: 'pie' and chart-colors[5].","MIGRATING.md"
"Style","pie-6-background-opacity","Replaced","Use chart: 'pie' and the alpha component of chart-colors[5]; chart-opacity controls the whole chart.","MIGRATING.md"
"Style","pie-6-background-size","Replaced","Use chart: 'pie' and chart-values[5] (fraction or percentage).","MIGRATING.md"
"Style","pie-7-background-color","Replaced","Use chart: 'pie' and chart-colors[6].","MIGRATING.md"
"Style","pie-7-background-opacity","Replaced","Use chart: 'pie' and the alpha component of chart-colors[6]; chart-opacity controls the whole chart.","MIGRATING.md"
"Style","pie-7-background-size","Replaced","Use chart: 'pie' and chart-values[6] (fraction or percentage).","MIGRATING.md"
"Style","pie-8-background-color","Replaced","Use chart: 'pie' and chart-colors[7].","MIGRATING.md"
"Style","pie-8-background-opacity","Replaced","Use chart: 'pie' and the alpha component of chart-colors[7]; chart-opacity controls the whole chart.","MIGRATING.md"
"Style","pie-8-background-size","Replaced","Use chart: 'pie' and chart-values[7] (fraction or percentage).","MIGRATING.md"
"Style","pie-9-background-color","Replaced","Use chart: 'pie' and chart-colors[8].","MIGRATING.md"
"Style","pie-9-background-opacity","Replaced","Use chart: 'pie' and the alpha component of chart-colors[8]; chart-opacity controls the whole chart.","MIGRATING.md"
"Style","pie-9-background-size","Replaced","Use chart: 'pie' and chart-values[8] (fraction or percentage).","MIGRATING.md"
"Style","pie-hole","Replaced","Use chart: 'pie' and chart-hole.","MIGRATING.md"
"Style","pie-size","Replaced","Use chart: 'pie' and chart-size.","MIGRATING.md"
"Style","pie-start-angle","Replaced","Use chart: 'pie' and chart-start-angle.","MIGRATING.md"
"Style","position","Replaced","Use ele.position(); position is not a style property.","MIGRATING.md"
"Style","radius-type","Implemented","Accepted by the v4 stylesheet. Values and applicable element groups follow the v4 style compiler.","src/style.mts"
"Style","segment-distance","Replaced","Use segment-distances (plural).","MIGRATING.md"
"Style","segment-distances","Implemented","Edge routing array; constants only. Use an id-keyed style bypass for a different array on each edge.","src/style.mts"
"Style","segment-radii","Implemented","Edge routing array; constants only. Use an id-keyed style bypass for a different array on each edge.","src/style.mts"
"Style","segment-radius","Replaced","Use segment-radii (plural).","MIGRATING.md"
"Style","segment-weight","Replaced","Use segment-weights (plural).","MIGRATING.md"
"Style","segment-weights","Implemented","Edge routing array; constants only. Use an id-keyed style bypass for a different array on each edge.","src/style.mts"
"Style","selection-box-border-color","Implemented","Core theming; set in the core stylesheet group. Constants only.","src/style.mts"
"Style","selection-box-border-width","Implemented","Core theming; set in the core stylesheet group. Constants only.","src/style.mts"
"Style","selection-box-color","Implemented","Core theming; set in the core stylesheet group. Constants only.","src/style.mts"
"Style","selection-box-opacity","Implemented","Core theming; set in the core stylesheet group. Constants only.","src/style.mts"
"Style","shape","Implemented","Accepted by the v4 stylesheet. Values and applicable element groups follow the v4 style compiler.","src/style.mts"
"Style","shape-polygon-points","Implemented","Accepted by the v4 stylesheet. Values and applicable element groups follow the v4 style compiler.","src/style.mts"
"Style","source-arrow-color","Implemented","Accepted by the v4 stylesheet. Values and applicable element groups follow the v4 style compiler.","src/style.mts"
"Style","source-arrow-fill","Implemented","Accepted by the v4 stylesheet. Values and applicable element groups follow the v4 style compiler.","src/style.mts"
"Style","source-arrow-shape","Implemented","Accepted by the v4 stylesheet. Values and applicable element groups follow the v4 style compiler.","src/style.mts"
"Style","source-arrow-width","Implemented","Accepted by the v4 stylesheet. Values and applicable element groups follow the v4 style compiler.","src/style.mts"
"Style","source-distance-from-node","Implemented","Accepted by the v4 stylesheet. Values and applicable element groups follow the v4 style compiler.","src/style.mts"
"Style","source-endpoint","Implemented","Accepted by the v4 stylesheet. Values and applicable element groups follow the v4 style compiler.","src/style.mts"
"Style","source-label","Implemented","Accepted by the v4 stylesheet. Values and applicable element groups follow the v4 style compiler.","src/style.mts"
"Style","source-text-margin-x","Implemented","Accepted by the v4 stylesheet. Values and applicable element groups follow the v4 style compiler.","src/style.mts"
"Style","source-text-margin-y","Implemented","Accepted by the v4 stylesheet. Values and applicable element groups follow the v4 style compiler.","src/style.mts"
"Style","source-text-offset","Implemented","Accepted by the v4 stylesheet. Values and applicable element groups follow the v4 style compiler.","src/style.mts"
"Style","source-text-rotation","Implemented","Accepted by the v4 stylesheet. Values and applicable element groups follow the v4 style compiler.","src/style.mts"
"Style","stripe-1-background-color","Replaced","Use chart: 'stripes' and chart-colors[0].","MIGRATING.md"
"Style","stripe-1-background-opacity","Replaced","Use chart: 'stripes' and the alpha component of chart-colors[0]; chart-opacity controls the whole chart.","MIGRATING.md"
"Style","stripe-1-background-size","Replaced","Use chart: 'stripes' and chart-values[0] (fraction or percentage).","MIGRATING.md"
"Style","stripe-10-background-color","Replaced","Use chart: 'stripes' and chart-colors[9].","MIGRATING.md"
"Style","stripe-10-background-opacity","Replaced","Use chart: 'stripes' and the alpha component of chart-colors[9]; chart-opacity controls the whole chart.","MIGRATING.md"
"Style","stripe-10-background-size","Replaced","Use chart: 'stripes' and chart-values[9] (fraction or percentage).","MIGRATING.md"
"Style","stripe-11-background-color","Replaced","Use chart: 'stripes' and chart-colors[10].","MIGRATING.md"
"Style","stripe-11-background-opacity","Replaced","Use chart: 'stripes' and the alpha component of chart-colors[10]; chart-opacity controls the whole chart.","MIGRATING.md"
"Style","stripe-11-background-size","Replaced","Use chart: 'stripes' and chart-values[10] (fraction or percentage).","MIGRATING.md"
"Style","stripe-12-background-color","Replaced","Use chart: 'stripes' and chart-colors[11].","MIGRATING.md"
"Style","stripe-12-background-opacity","Replaced","Use chart: 'stripes' and the alpha component of chart-colors[11]; chart-opacity controls the whole chart.","MIGRATING.md"
"Style","stripe-12-background-size","Replaced","Use chart: 'stripes' and chart-values[11] (fraction or percentage).","MIGRATING.md"
"Style","stripe-13-background-color","Replaced","Use chart: 'stripes' and chart-colors[12].","MIGRATING.md"
"Style","stripe-13-background-opacity","Replaced","Use chart: 'stripes' and the alpha component of chart-colors[12]; chart-opacity controls the whole chart.","MIGRATING.md"
"Style","stripe-13-background-size","Replaced","Use chart: 'stripes' and chart-values[12] (fraction or percentage).","MIGRATING.md"
"Style","stripe-14-background-color","Replaced","Use chart: 'stripes' and chart-colors[13].","MIGRATING.md"
"Style","stripe-14-background-opacity","Replaced","Use chart: 'stripes' and the alpha component of chart-colors[13]; chart-opacity controls the whole chart.","MIGRATING.md"
"Style","stripe-14-background-size","Replaced","Use chart: 'stripes' and chart-values[13] (fraction or percentage).","MIGRATING.md"
"Style","stripe-15-background-color","Replaced","Use chart: 'stripes' and chart-colors[14].","MIGRATING.md"
"Style","stripe-15-background-opacity","Replaced","Use chart: 'stripes' and the alpha component of chart-colors[14]; chart-opacity controls the whole chart.","MIGRATING.md"
"Style","stripe-15-background-size","Replaced","Use chart: 'stripes' and chart-values[14] (fraction or percentage).","MIGRATING.md"
"Style","stripe-16-background-color","Replaced","Use chart: 'stripes' and chart-colors[15].","MIGRATING.md"
"Style","stripe-16-background-opacity","Replaced","Use chart: 'stripes' and the alpha component of chart-colors[15]; chart-opacity controls the whole chart.","MIGRATING.md"
"Style","stripe-16-background-size","Replaced","Use chart: 'stripes' and chart-values[15] (fraction or percentage).","MIGRATING.md"
"Style","stripe-2-background-color","Replaced","Use chart: 'stripes' and chart-colors[1].","MIGRATING.md"
"Style","stripe-2-background-opacity","Replaced","Use chart: 'stripes' and the alpha component of chart-colors[1]; chart-opacity controls the whole chart.","MIGRATING.md"
"Style","stripe-2-background-size","Replaced","Use chart: 'stripes' and chart-values[1] (fraction or percentage).","MIGRATING.md"
"Style","stripe-3-background-color","Replaced","Use chart: 'stripes' and chart-colors[2].","MIGRATING.md"
"Style","stripe-3-background-opacity","Replaced","Use chart: 'stripes' and the alpha component of chart-colors[2]; chart-opacity controls the whole chart.","MIGRATING.md"
"Style","stripe-3-background-size","Replaced","Use chart: 'stripes' and chart-values[2] (fraction or percentage).","MIGRATING.md"
"Style","stripe-4-background-color","Replaced","Use chart: 'stripes' and chart-colors[3].","MIGRATING.md"
"Style","stripe-4-background-opacity","Replaced","Use chart: 'stripes' and the alpha component of chart-colors[3]; chart-opacity controls the whole chart.","MIGRATING.md"
"Style","stripe-4-background-size","Replaced","Use chart: 'stripes' and chart-values[3] (fraction or percentage).","MIGRATING.md"
"Style","stripe-5-background-color","Replaced","Use chart: 'stripes' and chart-colors[4].","MIGRATING.md"
"Style","stripe-5-background-opacity","Replaced","Use chart: 'stripes' and the alpha component of chart-colors[4]; chart-opacity controls the whole chart.","MIGRATING.md"
"Style","stripe-5-background-size","Replaced","Use chart: 'stripes' and chart-values[4] (fraction or percentage).","MIGRATING.md"
"Style","stripe-6-background-color","Replaced","Use chart: 'stripes' and chart-colors[5].","MIGRATING.md"
"Style","stripe-6-background-opacity","Replaced","Use chart: 'stripes' and the alpha component of chart-colors[5]; chart-opacity controls the whole chart.","MIGRATING.md"
"Style","stripe-6-background-size","Replaced","Use chart: 'stripes' and chart-values[5] (fraction or percentage).","MIGRATING.md"
"Style","stripe-7-background-color","Replaced","Use chart: 'stripes' and chart-colors[6].","MIGRATING.md"
"Style","stripe-7-background-opacity","Replaced","Use chart: 'stripes' and the alpha component of chart-colors[6]; chart-opacity controls the whole chart.","MIGRATING.md"
"Style","stripe-7-background-size","Replaced","Use chart: 'stripes' and chart-values[6] (fraction or percentage).","MIGRATING.md"
"Style","stripe-8-background-color","Replaced","Use chart: 'stripes' and chart-colors[7].","MIGRATING.md"
"Style","stripe-8-background-opacity","Replaced","Use chart: 'stripes' and the alpha component of chart-colors[7]; chart-opacity controls the whole chart.","MIGRATING.md"
"Style","stripe-8-background-size","Replaced","Use chart: 'stripes' and chart-values[7] (fraction or percentage).","MIGRATING.md"
"Style","stripe-9-background-color","Replaced","Use chart: 'stripes' and chart-colors[8].","MIGRATING.md"
"Style","stripe-9-background-opacity","Replaced","Use chart: 'stripes' and the alpha component of chart-colors[8]; chart-opacity controls the whole chart.","MIGRATING.md"
"Style","stripe-9-background-size","Replaced","Use chart: 'stripes' and chart-values[8] (fraction or percentage).","MIGRATING.md"
"Style","stripe-direction","Replaced","Use chart: 'stripes' and chart-direction.","MIGRATING.md"
"Style","stripe-size","Replaced","Use chart: 'stripes' and chart-size.","MIGRATING.md"
"Style","target-arrow-color","Implemented","Accepted by the v4 stylesheet. Values and applicable element groups follow the v4 style compiler.","src/style.mts"
"Style","target-arrow-fill","Implemented","Accepted by the v4 stylesheet. Values and applicable element groups follow the v4 style compiler.","src/style.mts"
"Style","target-arrow-shape","Implemented","Accepted by the v4 stylesheet. Values and applicable element groups follow the v4 style compiler.","src/style.mts"
"Style","target-arrow-width","Implemented","Accepted by the v4 stylesheet. Values and applicable element groups follow the v4 style compiler.","src/style.mts"
"Style","target-distance-from-node","Implemented","Accepted by the v4 stylesheet. Values and applicable element groups follow the v4 style compiler.","src/style.mts"
"Style","target-endpoint","Implemented","Accepted by the v4 stylesheet. Values and applicable element groups follow the v4 style compiler.","src/style.mts"
"Style","target-label","Implemented","Accepted by the v4 stylesheet. Values and applicable element groups follow the v4 style compiler.","src/style.mts"
"Style","target-text-margin-x","Implemented","Accepted by the v4 stylesheet. Values and applicable element groups follow the v4 style compiler.","src/style.mts"
"Style","target-text-margin-y","Implemented","Accepted by the v4 stylesheet. Values and applicable element groups follow the v4 style compiler.","src/style.mts"
"Style","target-text-offset","Implemented","Accepted by the v4 stylesheet. Values and applicable element groups follow the v4 style compiler.","src/style.mts"
"Style","target-text-rotation","Implemented","Accepted by the v4 stylesheet. Values and applicable element groups follow the v4 style compiler.","src/style.mts"
"Style","taxi-direction","Implemented","Accepted by the v4 stylesheet. Values and applicable element groups follow the v4 style compiler.","src/style.mts"
"Style","taxi-radius","Implemented","Accepted by the v4 stylesheet. Values and applicable element groups follow the v4 style compiler.","src/style.mts"
"Style","taxi-track","Implemented","Assign an explicit taxi track for automatic turn routing.","src/style.mts"
"Style","taxi-track-spacing","Implemented","Control spacing between automatic taxi tracks.","src/style.mts"
"Style","taxi-turn","Implemented","Numeric and percentage turns plus v4 'auto': assign fan-out tracks from live positions.","src/style.mts"
"Style","taxi-turn-min-distance","Implemented","Accepted by the v4 stylesheet. Values and applicable element groups follow the v4 style compiler.","src/style.mts"
"Style","text-background-color","Implemented","Accepted by the v4 stylesheet. Values and applicable element groups follow the v4 style compiler.","src/style.mts"
"Style","text-background-opacity","Implemented","Accepted by the v4 stylesheet. Values and applicable element groups follow the v4 style compiler.","src/style.mts"
"Style","text-background-padding","Implemented","Accepted by the v4 stylesheet. Values and applicable element groups follow the v4 style compiler.","src/style.mts"
"Style","text-background-shape","Implemented","Accepted by the v4 stylesheet. Values and applicable element groups follow the v4 style compiler.","src/style.mts"
"Style","text-border-color","Implemented","Accepted by the v4 stylesheet. Values and applicable element groups follow the v4 style compiler.","src/style.mts"
"Style","text-border-opacity","Implemented","Accepted by the v4 stylesheet. Values and applicable element groups follow the v4 style compiler.","src/style.mts"
"Style","text-border-style","Planned","Dashed label-box borders are scoped in round 76.3; current borders remain solid.","plan/rounds/2026-08-14-07-rnd0076-plan-the-small-style-wins-bundle.md"
"Style","text-border-width","Implemented","Accepted by the v4 stylesheet. Values and applicable element groups follow the v4 style compiler.","src/style.mts"
"Style","text-events","Partial","Node labels only; the edges group rejects this property. Edge labels are not pickable.","src/style.mts"
"Style","text-halign","Implemented","Accepted by the v4 stylesheet. Values and applicable element groups follow the v4 style compiler.","src/style.mts"
"Style","text-justification","Implemented","Accepted by the v4 stylesheet. Values and applicable element groups follow the v4 style compiler.","src/style.mts"
"Style","text-margin-x","Implemented","Accepted by the v4 stylesheet. Values and applicable element groups follow the v4 style compiler.","src/style.mts"
"Style","text-margin-y","Implemented","Accepted by the v4 stylesheet. Values and applicable element groups follow the v4 style compiler.","src/style.mts"
"Style","text-max-width","Implemented","Accepted by the v4 stylesheet. Values and applicable element groups follow the v4 style compiler.","src/style.mts"
"Style","text-metrics","Replaced","Use eles.labelBoundingBox() for measured label extents.","MIGRATING.md"
"Style","text-opacity","Implemented","Accepted by the v4 stylesheet. Values and applicable element groups follow the v4 style compiler.","src/style.mts"
"Style","text-outline-color","Implemented","Accepted by the v4 stylesheet. Values and applicable element groups follow the v4 style compiler.","src/style.mts"
"Style","text-outline-opacity","Implemented","Accepted by the v4 stylesheet. Values and applicable element groups follow the v4 style compiler.","src/style.mts"
"Style","text-outline-width","Implemented","Accepted by the v4 stylesheet. Values and applicable element groups follow the v4 style compiler.","src/style.mts"
"Style","text-overflow-wrap","Implemented","Accepted by the v4 stylesheet. Values and applicable element groups follow the v4 style compiler.","src/style.mts"
"Style","text-rotation","Implemented","Accepted by the v4 stylesheet. Values and applicable element groups follow the v4 style compiler.","src/style.mts"
"Style","text-transform","Implemented","Accepted by the v4 stylesheet. Values and applicable element groups follow the v4 style compiler.","src/style.mts"
"Style","text-valign","Implemented","Accepted by the v4 stylesheet. Values and applicable element groups follow the v4 style compiler.","src/style.mts"
"Style","text-wrap","Implemented","Accepted by the v4 stylesheet. Values and applicable element groups follow the v4 style compiler.","src/style.mts"
"Style","transition-delay","Partial","Global transition configuration; plain milliseconds only. Time-unit strings and per-element mappers are excluded.","src/style.mts"
"Style","transition-duration","Partial","Global transition configuration; plain milliseconds only. Time-unit strings and per-element mappers are excluded.","src/style.mts"
"Style","transition-property","Implemented","Accepted by the v4 stylesheet. Values and applicable element groups follow the v4 style compiler.","src/style.mts"
"Style","transition-timing-function","Implemented","Accepted by the v4 stylesheet. Values and applicable element groups follow the v4 style compiler.","src/style.mts"
"Style","underlay-color","Implemented","Accepted by the v4 stylesheet. Values and applicable element groups follow the v4 style compiler.","src/style.mts"
"Style","underlay-corner-radius","Implemented","Accepted by the v4 stylesheet. Values and applicable element groups follow the v4 style compiler.","src/style.mts"
"Style","underlay-opacity","Implemented","Accepted by the v4 stylesheet. Values and applicable element groups follow the v4 style compiler.","src/style.mts"
"Style","underlay-padding","Implemented","Accepted by the v4 stylesheet. Values and applicable element groups follow the v4 style compiler.","src/style.mts"
"Style","underlay-shape","Implemented","Accepted by the v4 stylesheet. Values and applicable element groups follow the v4 style compiler.","src/style.mts"
"Style","visibility","Implemented","Accepted by the v4 stylesheet. Values and applicable element groups follow the v4 style compiler.","src/style.mts"
"Style","width","Implemented","Accepted by the v4 stylesheet. Values and applicable element groups follow the v4 style compiler.","src/style.mts"
"Style","z-compound-depth","Excluded","Draw order is structural: parents, edges, leaves, labels; slot order within a stream. Z-index ordering was deliberately removed.","MIGRATING.md"
"Style","z-index","Excluded","Draw order is structural: parents, edges, leaves, labels; slot order within a stream. Z-index ordering was deliberately removed.","MIGRATING.md"
"Style","z-index-compare","Excluded","Draw order is structural: parents, edges, leaves, labels; slot order within a stream. Z-index ordering was deliberately removed.","MIGRATING.md"
"Styling","Additional chart kinds","Planned","Heat strips, radial heat, signed bars, declarative chart colour scales and a measured increase to the slice ceiling are scoped in round 80.","plan/rounds/2026-08-14-11-rnd0080-plan-node-charts-heat-bars-and-the-slice-ceiling.md"
"Styling","CSS strings and function styles","Replaced","Use grouped declarative styles and mapper specifications.","MIGRATING.md"
"Styling","Declarative mappers","Implemented","Data mappings, scales and state conditions compile into the style engine.","src/style.mts"
"Styling","Node charts","Implemented","Pie and stripe charts through the chart property family.","src/style.mts"
"Styling","Per-element bypasses","Implemented","Id-keyed constants with v3 method sugar, serialized as part of the stylesheet.","MIGRATING.md"
"Styling","Screen-space sizing investigation","Planned","Scoped design investigation; viewport-fixed labels remain excluded from current support.","plan/rounds/2026-08-14-07-rnd0076-plan-the-small-style-wins-bundle.md"
